LoanID,CustomerID,LoanType,Amount,InterestRate,TermYears,EMI,StartDate,EndDate,Status
00d3618d-1679-4931-9704-8dcf5311a132,bee2dcd5-aa8b-4687-91eb-3dc47d3043c7,Car Loan,723194,5.98,29,2078.14,2017-05-21,2046-05-14,Default
fa24f10f-c457-448c-8d2a-5b848f4d723b,0e3122a8-be11-4c91-adc7-418a429e4b43,Personal Loan,833976,11.64,18,3861.0,2021-01-05,2039-01-01,Active
699f4b91-962f-4e46-b0a1-c0ead5ad2de8,f191b3d7-84b1-4f9f-9b0d-7620cee695b7,Personal Loan,650974,9.32,22,2465.81,2016-08-27,2038-08-22,Active
cb78a2ca-a873-445f-a449-7400777683a2,ac0507ac-4149-4fc6-8db6-6b5f6a7e9e72,Home Loan,639968,2.84,9,5925.63,2016-04-27,2025-04-25,Closed
5f132991-0ad1-4130-b628-b41d30c02cef,bdee45b9-2461-4368-9160-fe369f5c69af,Education Loan,244872,4.15,14,1457.57,2022-11-16,2036-11-12,Active
62bfcf87-722c-4eb1-b5f7-8744a2c1d523,9f94c7e2-36a0-4e11-b5bc-8dfaf49f8e5c,Education Loan,420974,4.53,24,1461.72,2016-11-27,2040-11-21,Active
5abeb72c-4e5a-4e4b-93da-eb7fabcec778,06a92e5e-9a66-4e6e-aa6c-a7176b1a6c2b,Personal Loan,149844,5.62,9,1387.44,2017-06-29,2026-06-27,Active
b44e75e2-9257-4e8e-8269-0382dbdbbd12,41fb1039-e210-41e0-906d-7e72bc85ad3d,Personal Loan,642754,5.94,20,2678.14,2018-09-26,2038-09-21,Active
8d2fb2a9-af55-48fc-86e0-5b3fbd88eff7,0ef83142-78e6-40a9-bcf4-9e83c0296ff0,Personal Loan,761561,11.72,24,2644.31,2020-03-28,2044-03-22,Default
7681858c-f5d5-4eef-92be-d79b7e6843fe,8dc06a14-12f5-42e6-83bb-9420f45dffc3,Home Loan,534430,4.43,3,14845.28,2017-03-14,2020-03-13,Closed
f9fc55e2-b491-4eb5-902e-5967770cfe23,5a2509b1-650f-48ff-bcf0-28614752e287,Personal Loan,681189,9.88,21,2703.13,2017-10-17,2038-10-12,Closed
98792b19-cea7-4c9c-ae27-3d05c72e2a6f,3c450dc9-e3f6-4f8a-8790-898e6a6c43a2,Education Loan,460807,6.37,9,4266.73,2019-06-17,2028-06-14,Default
27010478-39fe-4017-9a0a-f06dc5c91d14,d8b51b95-e643-474d-9b00-77238b15d282,Education Loan,363175,10.25,26,1164.02,2023-09-13,2049-09-06,Default
fa2f3970-69f0-4690-9c84-9f25e80ffd32,75b9f100-7b14-41ed-929d-6abc2137f753,Personal Loan,110842,7.22,24,384.87,2017-01-13,2041-01-07,Default
3a363e6d-07b6-42ff-b75f-ae718bf460f6,7ac30c2a-7a3c-4878-8e73-142b3b5c1aaa,Personal Loan,177367,5.55,15,985.37,2015-10-30,2030-10-26,Default
985d519f-5515-4248-8060-dee86e16d11c,4d6e7798-6de4-437e-aa1b-815c2689258c,Car Loan,137097,4.46,17,672.04,2022-01-16,2039-01-12,Closed
aed4a25a-ce7b-49bd-8843-4785817bde10,3713e649-058f-4077-a217-6a14f22f0e65,Car Loan,792951,8.36,28,2359.97,2022-02-14,2050-02-07,Active
bec2f371-5640-414c-a496-f321dee06533,35200656-a866-4fbf-8da0-41ae6bd2f96f,Personal Loan,307688,9.12,30,854.69,2021-03-25,2051-03-18,Default
6925a1dc-3cea-4a4f-a85b-1a0853e14a08,1481953a-cf64-4a9c-b756-f8abb0b321eb,Car Loan,871897,6.53,2,36329.04,2016-06-05,2018-06-05,Default
c8013bab-d3df-4f29-8d7c-4b06ee934fe8,4c30a762-6917-4b73-aa38-64db14273aee,Personal Loan,406995,10.69,20,1695.81,2021-07-12,2041-07-07,Active
b137d381-3c8c-4001-ae15-e973017f8179,9ae698a7-eb5c-46a6-8416-72bbe6bdfab9,Personal Loan,455130,9.42,17,2231.03,2015-12-05,2032-11-30,Active
9ee70d0f-fea4-423b-938a-42ccf85111d4,252feb8f-7f96-4df7-ab8e-83f6b7fec124,Education Loan,306831,6.47,20,1278.46,2019-08-14,2039-08-09,Active
9c7884e4-2e34-4d19-99ee-65e5b9ee483b,fbef5dc0-9c4a-482e-a08b-1da9b0015841,Personal Loan,922279,4.73,4,19214.15,2019-05-21,2023-05-20,Active
34aa4a0b-ad22-4833-8566-09e4cafc8b9a,427bbb81-ee30-4902-9f3b-cdb45ba872f5,Home Loan,345583,3.35,18,1599.92,2022-04-19,2040-04-14,Closed
b9d3a66f-4e0d-457c-b1e2-48db628239dc,1864a0f5-c2b2-4069-98df-7bcb35372c8b,Personal Loan,464170,7.79,22,1758.22,2022-02-05,2044-01-31,Active
971f4e55-4452-4556-8e01-d4ab44434c85,f4f652be-70a8-4349-905a-b12b6db9b6af,Education Loan,290940,3.92,15,1616.33,2019-06-13,2034-06-09,Default
c97fa0ad-d959-4087-be7d-8bd46bf656ba,7fa65ddf-2ca9-4956-a2a0-e952db3a5de4,Education Loan,662883,11.52,18,3068.9,2019-01-24,2037-01-19,Closed
35e330cc-5de4-4ec4-b8bb-1b74fab99efc,4bf5fe10-12fd-4402-a35e-dffd2bbfd795,Education Loan,527829,8.67,22,1999.35,2020-04-10,2042-04-05,Closed
c78cf51c-82ba-49b5-a63d-7914cdd8a9a0,dee591f2-7bde-4cf3-99f9-527d39945bca,Home Loan,289968,6.86,21,1150.67,2023-11-16,2044-11-10,Default
a98a9519-3021-4de6-8801-c726ec7c7bb1,78cca8a3-cf6a-4fe3-9ee6-240b376f56c5,Home Loan,211885,9.19,24,735.71,2015-09-10,2039-09-04,Closed
b5a56857-d754-486d-afe1-bbe4b5cf3f2f,a19157ae-f8b5-4d75-917b-f5eff762ec55,Education Loan,600006,6.89,7,7142.93,2021-03-15,2028-03-13,Active
fd6a79dd-fb6f-4382-bb9c-21a9a5e498f1,b0714b4f-c1e2-413b-88e6-3631c3131ca9,Education Loan,485563,10.59,1,40463.58,2016-12-21,2017-12-21,Active
af7c6bdf-3563-4a2d-a8b1-57cf864d9fa5,e2a0583e-36f8-4f02-8818-8a8b2aa84eab,Car Loan,321675,10.8,14,1914.73,2016-10-01,2030-09-28,Active
baa4eff6-5918-4bd0-b22e-bcb66680e2f1,8f347559-fcdb-4685-a8ed-221b3adce9f2,Personal Loan,827642,3.97,30,2299.01,2020-06-10,2050-06-03,Closed
2fc77b9c-e9c1-412b-820d-89283daf62fb,f9bcbb7d-9a96-468a-94a3-187a6b45dbd5,Car Loan,594861,7.1,21,2360.56,2020-07-11,2041-07-06,Active
23617b62-0df9-4cb2-8c12-672a3b98677c,8dc06a14-12f5-42e6-83bb-9420f45dffc3,Education Loan,812389,2.18,2,33849.54,2023-09-06,2025-09-05,Active
03c8baa8-8f19-4065-af5f-7debc60ecab3,973a44d6-7ed9-4ccc-8524-68c40c4166f2,Education Loan,770358,8.57,11,5836.05,2023-04-23,2034-04-20,Default
2b6fb9ad-6a26-45ca-8de0-39d8511a7795,d96d7d0b-aa8b-4f53-8a01-d05e2d06e876,Car Loan,46772,9.07,30,129.92,2019-04-28,2049-04-20,Default
fc5fc657-bbe7-487d-8062-4d132d092d77,e1235bcc-bf56-4e1b-b454-996dd8746167,Education Loan,329245,2.16,21,1306.53,2019-02-13,2040-02-08,Closed
89aeb4bb-286e-484d-a2d4-1eb1bfb393d9,994bbab6-90e1-4dd0-af3f-6ede14a4fe5c,Education Loan,387291,3.1,23,1403.23,2019-10-13,2042-10-07,Closed
478984d3-5585-4282-bae4-3be00de0505a,d855ecfa-d8d0-449c-93aa-abd82e26be75,Home Loan,524016,2.08,21,2079.43,2017-04-24,2038-04-19,Closed
7c2ec8b6-8e67-43a6-9770-eebd992824f0,31a71f40-e00b-4ac8-b2de-f501509e7b8f,Car Loan,846968,2.8,8,8822.58,2018-02-20,2026-02-18,Default
c121cd97-8ea1-480e-9d9b-63589334e0e1,c43eb10d-ecf0-411c-97b4-b48704621337,Education Loan,294655,5.2,9,2728.29,2021-11-05,2030-11-03,Active
d9549651-b878-40b8-8ed5-fb9dfb1224f5,bb3cc6e1-9d54-4a82-a895-da5d4ea4ce9d,Education Loan,130530,11.66,5,2175.5,2022-03-14,2027-03-13,Default
887c5972-0ccd-4283-beee-baf8138e34a8,02bec545-81ed-4233-b8e5-c4b9a636fbe5,Car Loan,900226,4.79,10,7501.88,2016-03-25,2026-03-23,Closed
0caa84d1-200e-4a61-b1c2-c2fe46130387,2f53b7a6-be67-476e-b35d-14cb7749db51,Car Loan,581388,3.13,18,2691.61,2023-01-22,2041-01-17,Default
14f1f7cd-d8c8-4d10-bd1b-8425292f2714,7a256f07-23ad-4716-b473-70a111887aa2,Home Loan,35623,9.14,15,197.91,2018-12-11,2033-12-07,Closed
e6e2431b-872a-414f-a504-e41e24b08bab,6be0069a-3653-4a8e-a931-180898dc399a,Home Loan,570393,10.27,10,4753.27,2019-04-28,2029-04-25,Closed
5145696f-969f-4b30-9293-37005d068ceb,a4fdf57b-901b-4313-9c85-c58b37790acf,Car Loan,836793,10.3,5,13946.55,2016-01-23,2021-01-21,Closed
90b31393-a524-43f9-aaeb-0ebe8f9e4a2e,d5625bd2-eb45-421f-8bdb-1c6fee51f02d,Education Loan,60657,4.45,23,219.77,2023-04-13,2046-04-07,Active
abc1d36d-7460-481c-96bd-c74406c0e036,c3d11a26-e84c-4677-8f2b-874a33bea10d,Car Loan,252435,9.11,26,809.09,2019-12-20,2045-12-13,Active
f0d20f26-f084-4d93-9a25-a545040ea1f3,2f64c366-9b68-4c11-a0ff-5159f2623fbd,Car Loan,810569,5.36,9,7505.27,2022-11-08,2031-11-06,Closed
47ecbeef-9fbe-4f99-8c00-50f9f9c98901,02d417ec-d496-4d3a-bdc4-296646fa1b16,Education Loan,39993,4.33,5,666.55,2021-06-08,2026-06-07,Active
ae4b60e6-135b-4a45-9080-cb1e16774ee0,3c450dc9-e3f6-4f8a-8790-898e6a6c43a2,Car Loan,421149,4.23,17,2064.46,2023-08-03,2040-07-29,Closed
77a82d59-13c4-44b9-b2ea-b75ad9a7da5d,31278007-4b8e-4bdd-bbe9-3e2b896206ae,Home Loan,920554,4.6,28,2739.74,2023-08-31,2051-08-24,Active
a6f13112-28cd-4c8e-b80b-89333fd256d7,73535fd7-60f0-48f0-9ee5-a0607e4ad9ac,Car Loan,555629,10.4,10,4630.24,2019-11-15,2029-11-12,Default
0ccccdab-8d09-47d9-af18-58ed658aaad3,44557415-b257-4cd6-8f2a-b2ba43c7c84f,Education Loan,954122,5.49,26,3058.08,2020-09-06,2046-08-31,Default
d7001772-2c04-4284-b9d3-f13ab5c7517b,973a44d6-7ed9-4ccc-8524-68c40c4166f2,Personal Loan,523326,4.94,13,3354.65,2020-05-05,2033-05-02,Closed
f8568d70-97d5-4ce2-8e3c-ac6464182373,c2eb1651-983d-4098-b741-29df2ad55e19,Car Loan,85874,6.49,7,1022.31,2021-06-22,2028-06-20,Active
3c7efe6f-dcdb-47ed-81c2-bf173bcac376,b33acb72-ab7a-4d6e-bcbe-c7b341551eb5,Car Loan,732737,7.19,27,2261.53,2017-11-06,2044-10-30,Default
9666c4e3-b66b-43ee-9232-17cb310a8d0c,a882f158-d0bc-4c2f-9d09-16237bce425a,Education Loan,335258,10.03,12,2328.18,2019-02-23,2031-02-20,Closed
ef877303-221a-49ed-aaa1-5c7d4292b5d1,0c7ff687-c8c4-48b0-a8b1-823f8b4f1050,Personal Loan,210928,10.31,7,2511.05,2016-05-30,2023-05-29,Default
4dffe257-10a7-4449-b33b-ddebf7a3673d,87264965-874c-42b6-a149-748399a20740,Home Loan,912433,5.49,17,4472.71,2017-08-02,2034-07-29,Active
aa408907-96ab-4022-a197-b0a2e431fa0a,0ea81e14-91b6-483b-a057-83d8cb9752c9,Personal Loan,40367,10.28,16,210.24,2022-08-22,2038-08-18,Active
62ab664e-6ad9-4d17-ab23-634752e777c2,444313c7-aeaa-4757-8686-2c105d8bef36,Home Loan,558277,8.95,5,9304.62,2017-03-29,2022-03-28,Default
281f25a1-18c4-4610-a32a-1cca31720fa7,417e3112-5080-41fc-9f42-72f909ec4e24,Education Loan,728055,9.19,23,2637.88,2020-08-16,2043-08-11,Default
eef06c83-af9b-4a01-ab5d-71223cd98485,0aef61a7-4c04-449b-92cb-6cf068aa8e3f,Home Loan,294698,3.34,24,1023.26,2020-08-27,2044-08-21,Default
289b38f4-8e95-4eb2-9175-e7c79389a281,0a9e5c70-3017-4dec-8fe8-262c72e9a51b,Home Loan,855590,5.67,10,7129.92,2023-08-03,2033-07-31,Default
9ee87926-3b01-4000-9ab5-337aed066ec9,6ff99066-3e6e-46f1-ad60-9dfbafb12c15,Car Loan,220415,11.97,21,874.66,2022-05-01,2043-04-26,Closed
7ae0db95-c88e-4fb1-90e9-a6e51e982d6e,a0c1868d-68d9-4a8a-aade-60c3998a2021,Home Loan,899129,10.36,24,3121.98,2020-05-17,2044-05-11,Active
011afa57-3510-4f13-8230-14d919ff976a,2f64c366-9b68-4c11-a0ff-5159f2623fbd,Personal Loan,13533,5.66,25,45.11,2016-01-10,2041-01-03,Active
1da2a928-b279-4796-85be-da7b5fb3da6a,7b7d1cf3-517f-403f-8891-caa594ca2aaa,Car Loan,542193,3.08,28,1613.67,2018-08-18,2046-08-11,Default
f90b9314-f988-4963-954e-f0b168fbeedc,bb9ce35a-e126-44a6-8a7a-7be6daf1c658,Education Loan,700011,9.4,6,9722.38,2019-03-07,2025-03-05,Default
629ae4bc-86f2-4946-9724-14e050848499,ff25e4b2-7ecb-47cc-bfa5-662b9f92b12d,Personal Loan,263809,4.93,21,1046.86,2023-03-27,2044-03-21,Closed
99c0bed1-8656-4d8b-95db-a819d64b4dce,da2af70e-5aea-4500-b715-b55647868941,Home Loan,566519,11.69,16,2950.62,2018-01-15,2034-01-11,Closed
071a42cf-a4d4-433e-9ba7-b51218edb58c,d34d0412-d660-4f48-962c-c5d167fff4b0,Personal Loan,930148,11.22,26,2981.24,2018-08-20,2044-08-13,Active
715021cd-9cc2-4ada-a4ce-74c74059ecec,5c910547-6caf-470b-adc2-7dcfb54480a3,Personal Loan,368340,2.2,19,1615.53,2020-07-01,2039-06-27,Default
e93782ce-9605-488d-b63b-4117d6658b98,7242322f-cbd6-4c22-9212-c78a9b11915f,Home Loan,391054,9.73,29,1123.72,2021-01-13,2050-01-06,Default
b87178dc-5f80-47bb-9f5e-b6c454fdb1e9,bb978277-d3e6-4509-895c-69fefb40a580,Personal Loan,333763,8.71,19,1463.87,2019-03-30,2038-03-25,Active
db442849-4df0-4fa3-be89-cde1fc2edec9,dad00472-3e92-4a80-91d3-7bce15273e25,Education Loan,999096,6.37,7,11894.0,2015-05-16,2022-05-14,Closed
d2ed8751-dfbb-4b71-a5a6-187564b25d91,446737f1-5c73-49d7-8ceb-1b2b600b4e6a,Education Loan,656592,9.65,1,54716.0,2021-01-21,2022-01-21,Closed
360db535-fc07-4a5c-9b27-f8750940010c,c8e60915-69ac-408d-bc06-2ae5b54f40f6,Car Loan,509652,5.07,13,3267.0,2020-10-24,2033-10-21,Active
525d2819-617d-43e7-ad3b-c0549a2fe08f,fd772862-b5ac-4ed3-83ca-295d6c37852f,Home Loan,132395,7.57,29,380.45,2015-09-26,2044-09-18,Active
d644e17d-998c-4d49-a901-464a41b7a354,b342186d-0d30-41ad-b018-8346b58b5119,Education Loan,847807,8.07,21,3364.31,2015-07-03,2036-06-27,Active
3386287d-9a26-4f58-bff0-3a684982396e,07129f5c-1f9e-4be1-9f78-d77e257b8753,Car Loan,684041,9.6,8,7125.43,2016-03-07,2024-03-05,Default
3f56d608-511f-4b0b-9b0a-a8f58a16116b,82215715-dcd4-4ac7-9aee-e4cbcbd6c321,Education Loan,850974,11.27,3,23638.17,2017-04-23,2020-04-22,Active
d10d94e9-1419-4ebf-acf9-d53ae15a6c61,857651ed-0b45-429a-ae1b-450aa5affc8d,Personal Loan,395124,2.32,27,1219.52,2021-05-20,2048-05-13,Default
8f3340ff-ee62-4aa0-9e98-3edc9efbd376,3eadb95e-82e1-48de-9915-e56c6435646e,Education Loan,833233,11.98,23,3018.96,2018-08-25,2041-08-19,Closed
36fdb3d3-f534-4353-89f5-8f3e50e739a4,0a49b2bb-71c4-4418-8a3d-2a43b398533c,Personal Loan,702502,11.66,22,2660.99,2017-09-10,2039-09-05,Closed
89dbc95c-a92f-4774-a6ad-f960f56695d6,b2044c59-1b2c-478d-b7c1-6abf193ea704,Education Loan,250513,11.11,11,1897.83,2020-02-23,2031-02-20,Closed
005f2848-c792-4c79-b719-3ed37077c62e,8133f261-f8f7-46fa-ae30-8da5a355a612,Education Loan,266483,10.06,17,1306.29,2021-09-02,2038-08-29,Closed
e813689d-f916-474f-8876-2f0a44ca9aae,57f38a37-de98-44aa-8a18-a6a61ec7c581,Personal Loan,100240,4.57,28,298.33,2023-11-15,2051-11-08,Closed
6ea6a38e-0a4c-45d9-be1a-f019f2928e16,1d0fc23f-8f72-489d-8105-5cf9d005bd32,Education Loan,659728,11.24,16,3436.08,2017-12-29,2033-12-25,Active
9c58c92f-4d38-404f-872f-9821b2b5e33f,bf2ef3b6-88e9-40a1-b25d-71c77cbf2af2,Education Loan,749351,2.7,6,10407.65,2023-08-16,2029-08-14,Default
cb93b99a-1468-420c-a3a2-b2aa695316b5,159f3771-35f7-455c-bf6e-06cae430c510,Car Loan,998724,6.22,8,10403.38,2018-10-14,2026-10-12,Closed
f50b4f6d-d126-4137-82cb-b7c7b5a69258,2df62b86-2222-4da7-80dc-8e976e8fb126,Car Loan,825216,10.66,26,2644.92,2022-07-25,2048-07-18,Closed
d891c77c-5d49-473c-a4c6-26d7dee13b22,d56855ce-1899-4d3c-aa10-75e3c027c3b0,Personal Loan,531697,3.15,14,3164.86,2015-11-02,2029-10-29,Default
6ad9f256-1a23-4b72-9b78-c334bcddeaaa,03cc9ced-94f3-4886-84c1-70b2649509a3,Car Loan,705461,5.67,3,19596.14,2020-03-14,2023-03-14,Default
f3b4b463-2a8b-400a-b8ce-d5cb293ed990,d2ce78ff-faff-458e-ba54-61d8afb1b02f,Car Loan,366713,9.58,19,1608.39,2018-05-16,2037-05-11,Active
5d51df12-ee08-4c5e-a316-c33a94163143,043a5db7-c70d-432c-9cff-931b83ddb1e6,Home Loan,477316,4.75,26,1529.86,2022-09-12,2048-09-05,Default
75ff5ab9-d6d6-4a29-b5a0-fd3100b41d3a,916b6f69-a42c-4166-8a84-83c62503e8c4,Personal Loan,45305,5.44,28,134.84,2016-10-17,2044-10-10,Default
e784c3ec-0246-4ff8-adc6-ddc4b43ab7e2,bbb1d32e-caee-4301-a297-c2324ed9457f,Education Loan,174907,8.31,3,4858.53,2020-08-07,2023-08-07,Closed
a6d1f043-3ec5-41f0-a900-2895ee1675b0,d3bef8ef-a665-4967-b9ee-94d406611c2c,Home Loan,729880,8.98,23,2644.49,2019-04-08,2042-04-02,Closed
086eff4b-b3e4-4fb7-ba86-fc874fb72e52,076640f7-c908-46a5-b328-8d305e5e30b2,Home Loan,644241,2.59,27,1988.4,2020-12-08,2047-12-02,Closed
e1f0aa37-edb2-4586-a4cc-c743b523de73,928307f5-0563-4609-8d0f-c38a7a8b6abd,Home Loan,636403,11.79,24,2209.73,2019-10-11,2043-10-05,Active
b592f008-f5ca-49e3-aa95-fc773d03e93d,cd91c969-9856-48df-b535-c74a77080158,Car Loan,694834,10.1,21,2757.28,2023-10-03,2044-09-27,Closed
03a1cf48-7d5d-41f9-b722-9ae70ba7c1df,c63fe079-2863-48fe-9ddd-b6c15f127510,Personal Loan,803132,2.9,25,2677.11,2021-10-22,2046-10-16,Active
e8b440e0-b7e6-4097-a9c2-5d4a839b7030,a96bfbfc-721b-4a1a-a65d-dcdd11f2d6a5,Home Loan,575131,8.11,15,3195.17,2019-06-21,2034-06-17,Active
4c44a2ec-2f0c-4bb8-9641-7f05f2fceca8,6d8e4f6e-c2f5-428d-8375-6ba34a5affc7,Education Loan,721118,7.63,22,2731.51,2021-11-28,2043-11-23,Active
977c51a3-9a4d-4b47-9f1b-99537864f918,5c910547-6caf-470b-adc2-7dcfb54480a3,Home Loan,743754,5.08,4,15494.88,2019-03-16,2023-03-15,Default
697c1a2d-eb94-47b2-a612-6d2b8839e868,2503ac39-6ceb-4e37-8ea2-89c7129f7df0,Car Loan,245326,9.77,6,3407.31,2023-10-24,2029-10-22,Active
734a0f69-e40b-4520-ac98-6f58d583148c,9a82df3e-2406-4679-9dfc-e42f0888a627,Personal Loan,464040,9.18,20,1933.5,2020-09-21,2040-09-16,Default
be81539d-9e10-4a1d-a5cc-84b981d09198,fc41d20d-849d-4376-aa66-8632d24a4ebd,Car Loan,581645,9.85,26,1864.25,2022-08-07,2048-07-31,Default
b289059e-86ee-42ed-aa52-cdd2674daeb2,fa61c955-70f2-49c1-b9f5-980e6107ee10,Car Loan,663478,6.84,22,2513.17,2016-03-09,2038-03-04,Default
b86b63c2-b099-4131-a4be-d14d03ddd7fc,f786924e-8c18-41a2-ab16-96f935e0dad7,Personal Loan,461157,7.06,30,1280.99,2020-06-12,2050-06-05,Active
87534a9c-28cf-40ba-9dc9-10a4cd0e00d5,787924d3-eaff-4c95-9437-4b6434d1a802,Personal Loan,730670,3.4,28,2174.61,2020-06-27,2048-06-20,Active
7b5bd083-9bcf-4aef-84e5-3656b38ad746,0a49b2bb-71c4-4418-8a3d-2a43b398533c,Personal Loan,35405,8.18,30,98.35,2018-05-29,2048-05-21,Active
e963185d-18b7-4788-9b9c-b80704775b15,b2044c59-1b2c-478d-b7c1-6abf193ea704,Personal Loan,933726,7.35,29,2683.12,2022-06-22,2051-06-15,Default
6b470e93-64d9-4fe5-a5bc-78f9b1d08d3b,e4bc10cc-e1e7-4c64-afea-78aa5ee85e9b,Personal Loan,624806,4.42,9,5785.24,2021-03-09,2030-03-07,Closed
1c132009-c603-42f2-9c13-55d6be8e672e,72570b7f-9d99-4dee-a769-7d354b015550,Personal Loan,693980,8.27,4,14457.92,2020-04-22,2024-04-21,Default
c88c2b06-6a74-4b24-bf35-a4ed4f30e215,1e1b0992-bc35-4e89-8ddf-ce11ee858bb0,Car Loan,30200,6.47,30,83.89,2017-03-16,2047-03-09,Active
d0e5b628-16bf-4f63-bb99-caa25b6ed39a,9722440c-ebd6-4ff2-a610-ef0e7310325f,Home Loan,551986,11.89,6,7666.47,2016-11-13,2022-11-12,Closed
4df0a7ba-018c-493c-b8e6-f012288f4f71,4f6eadcb-2035-40b4-960e-5185d8c9369f,Education Loan,304980,10.76,7,3630.71,2021-07-31,2028-07-29,Active
3a0e558f-93a3-4469-a5b8-8b04a22d4399,cd940b1e-4f06-416d-a66c-b7eebd74f37b,Education Loan,826314,2.85,17,4050.56,2023-06-12,2040-06-07,Active
b5e95592-6e15-45c9-96a2-cc498821f5be,1b8d35f4-e7bb-4e55-ae63-031f934d2007,Personal Loan,446588,6.05,26,1431.37,2023-11-04,2049-10-28,Active
601dd985-f228-422b-bd76-842c648402cc,d5f9f892-7b3e-4a50-933d-101abee31b21,Home Loan,64598,4.8,17,316.66,2021-04-01,2038-03-28,Closed
bb0a0e12-1f9d-44f6-9594-a0783defd677,4a77ad89-50b6-49b8-9cf2-434fe16a381a,Personal Loan,241389,3.56,15,1341.05,2020-10-31,2035-10-28,Active
c9783f32-5999-43d5-aefd-46b4a9b1e3b9,d36d6380-1c1c-4928-a842-c37d4cbd99d7,Home Loan,487804,7.34,16,2540.65,2024-02-27,2040-02-23,Default
ff58d141-74df-40ec-ace1-b01acb8fee2e,0b8e0dee-d3a3-4ed1-ab93-1ed6c2ecf3b4,Personal Loan,373608,5.7,27,1153.11,2018-10-08,2045-10-01,Active
40f68190-cb72-410c-bd68-21b8ae8958a9,0ef83142-78e6-40a9-bcf4-9e83c0296ff0,Home Loan,872113,5.94,1,72676.08,2018-09-03,2019-09-03,Closed
e0dd9c16-83c5-4d2f-965b-78bdd954032f,e47383c0-0c8c-4ddc-bada-ed6c66a57765,Education Loan,267337,7.96,1,22278.08,2023-07-09,2024-07-08,Closed
67fda722-9781-4d4a-84cd-c3ac30b65bea,b771146e-4eec-479e-b394-261e58e764d7,Car Loan,878609,3.93,11,6656.13,2016-05-25,2027-05-23,Default
c34a9143-6208-4c43-a3db-17ad9cc839fd,043a5db7-c70d-432c-9cff-931b83ddb1e6,Car Loan,146396,11.63,13,938.44,2024-01-18,2037-01-14,Closed
def2f180-c530-401e-84f0-a87c1eba13c8,64295729-9f07-45a7-afc8-173c6fb83af0,Home Loan,493403,10.66,18,2284.27,2024-02-03,2042-01-29,Default
94fd3bdc-b616-43c2-b352-ab2f90840380,5a9ddd98-d640-4a59-8464-e135c59fe79c,Education Loan,500206,4.64,28,1488.71,2016-12-29,2044-12-22,Closed
c0f05ef4-3c02-402a-b285-3efe5362525c,35b9deb4-646e-48f2-9ac5-e1b63d40baf9,Education Loan,479438,7.46,10,3995.32,2022-03-23,2032-03-20,Closed
47f92742-dd85-4aa6-86a7-2dfbbb7bf65e,48a9d410-7769-4ad8-b9be-11f33d6ed43d,Personal Loan,743806,9.27,12,5165.32,2020-01-15,2032-01-12,Closed
3c51f68b-84f1-495c-b1f3-50ebee236860,02dbfcd3-3ef0-4a33-8785-f9e1676344dd,Personal Loan,367599,6.8,24,1276.39,2021-01-18,2045-01-12,Default
4cfc65cc-a695-4f15-a6d7-120d1173a559,cd940b1e-4f06-416d-a66c-b7eebd74f37b,Education Loan,521657,11.54,19,2287.97,2015-12-28,2034-12-23,Active
06f17737-0d50-4c04-8426-cdcf5e1ec2a5,e51b6808-ac10-4dfa-98b6-43cf45fac753,Personal Loan,818392,8.15,2,34099.67,2023-12-07,2025-12-06,Active
51d07343-355b-4d0c-9911-81140ca572ab,e69a4b58-2273-49f3-8159-e951b01f7b2b,Personal Loan,340219,3.02,21,1350.08,2023-07-12,2044-07-06,Closed
a96a9601-12ab-4888-b43d-612029d3304b,8be04b57-6959-41b0-9685-14481698b4e5,Car Loan,260215,3.98,18,1204.7,2022-07-12,2040-07-07,Closed
da34624c-3b6d-4030-b9d8-a2ded0a07154,2f21ac22-0f3f-4631-aee4-a49747f6b354,Car Loan,423642,7.33,4,8825.88,2024-01-08,2028-01-07,Default
5a6aa112-104e-435e-848f-ac507c613e81,96b40343-bac6-40d1-b6ad-d37afcb307d5,Education Loan,113978,7.6,2,4749.08,2021-03-05,2023-03-05,Default
871ab62d-fece-4382-b4ef-98a45a4cff50,0350688b-031f-4c26-ac53-a76164f4b570,Personal Loan,616716,3.77,21,2447.29,2018-09-08,2039-09-03,Active
c1e5452c-763e-41dc-b018-dcb751cf93f0,f9bcbb7d-9a96-468a-94a3-187a6b45dbd5,Education Loan,192198,4.27,26,616.02,2022-11-27,2048-11-20,Active
189055e7-f21c-431c-813f-8467ed59f65c,2f64c366-9b68-4c11-a0ff-5159f2623fbd,Education Loan,759023,9.03,12,5270.99,2016-05-29,2028-05-26,Default
ec5cdc15-9c68-472d-a5ad-8f25b3435e51,61716188-0bc4-404d-9110-d7c065b791c9,Personal Loan,25312,3.89,3,703.11,2021-09-13,2024-09-12,Default
d8f8efb2-74de-4cfa-92fe-15306e956d6b,5b2b3394-7342-4c29-b4ef-d9805f5c92bf,Home Loan,91624,7.39,13,587.33,2016-05-14,2029-05-11,Active
6982f56d-4adb-4e30-a5dc-ece45225e379,d855ecfa-d8d0-449c-93aa-abd82e26be75,Personal Loan,213062,4.71,17,1044.42,2021-12-18,2038-12-14,Active
35b2b18d-1c72-4b50-813e-88c7b8b31697,e700e9c2-c6be-4c2e-853e-d375f7b7fb52,Education Loan,327725,3.9,17,1606.5,2020-10-02,2037-09-28,Closed
12151aa3-980a-4aaf-93d2-46a0a5bfd546,43d2febc-dd77-448d-883a-13366a48c78a,Car Loan,733128,11.96,13,4699.54,2015-05-24,2028-05-20,Default
a4375783-bf96-4122-8596-6bb0c5d1f48d,d79ea850-abb6-49e6-9d43-f6ec3a3a849b,Home Loan,209317,8.62,14,1245.93,2015-12-29,2029-12-25,Default
49d45f97-30e7-416e-a443-e2c146aa7837,783931d8-1124-425e-97b2-0040f5da697e,Home Loan,446243,11.92,3,12395.64,2022-08-25,2025-08-24,Default
6ac6e498-52ac-4370-a741-73078be3fc22,9a1bfb75-ea7e-45a2-b38c-8138b19b880f,Car Loan,632854,2.71,27,1953.25,2016-04-07,2043-04-01,Closed
c1c2b419-d751-4f91-ad3e-0bfa7600eecf,4ba62d02-841a-44c8-8402-2bc6702172a0,Personal Loan,421132,11.51,15,2339.62,2022-04-25,2037-04-21,Active
0dd480b9-f496-4bed-917e-d67e8480150a,4d2cf025-4c79-43a7-9712-a9ec7cea4b2e,Car Loan,450186,6.95,10,3751.55,2018-05-28,2028-05-25,Active
6ca53e8e-e0a9-479d-8c48-ebe9deb39a28,b0f4343e-5b00-4491-84a8-638389a5d3e2,Home Loan,575138,9.82,16,2995.51,2016-01-28,2032-01-24,Default
646832c7-2f34-4671-9f19-cb1277456648,09046516-ceb2-431e-85f0-38a456e1378b,Education Loan,251607,10.16,23,911.62,2021-02-01,2044-01-27,Active
5d4ef797-3979-4cd1-b64b-8c09d5b783b8,ad105ae9-9cfd-4ac5-ac1a-1cd64dbd12a9,Personal Loan,879828,3.24,6,12219.83,2019-04-23,2025-04-21,Active
952415a1-6407-4bc2-847c-e6cd0cb5711a,8dc06a14-12f5-42e6-83bb-9420f45dffc3,Car Loan,254616,11.95,11,1928.91,2019-04-26,2030-04-23,Closed
0e72127f-3365-4f45-9f2d-0781b1a20825,e77a766c-795c-408b-bf9c-7101e87f4c76,Home Loan,423821,11.08,27,1308.09,2022-11-18,2049-11-11,Default
061e8537-bc7b-4704-b70f-4f8dbc692487,4766f6b5-f85a-465d-a94a-c68ddecb5920,Home Loan,812215,7.86,10,6768.46,2020-04-02,2030-03-31,Default
8d24d4d4-6509-4931-b526-4a0cf2f374f7,2906f8b0-8213-4ae6-9002-8c6337d0f3cb,Car Loan,415962,4.21,3,11554.5,2021-07-05,2024-07-04,Closed
81493935-2e5a-4232-8317-79ee88cb0a05,94d581a7-6d31-4c69-9032-62802bb87b9a,Education Loan,958752,11.16,19,4205.05,2023-09-08,2042-09-03,Default
092ec1c4-f451-4c89-83eb-98753790cec5,ff2ad1df-f95d-4e9d-bbf3-36790e35ef07,Car Loan,146317,2.97,6,2032.18,2016-10-24,2022-10-23,Default
2f1d5c65-cd80-482a-bd2c-e2a0534af36b,e241cae4-d87d-46f8-a90e-fd4214da0c7d,Home Loan,182507,9.86,28,543.18,2018-01-09,2046-01-02,Closed
f6d39f18-c10c-40ac-9518-a11befff05f7,03cc9ced-94f3-4886-84c1-70b2649509a3,Home Loan,387471,4.48,3,10763.08,2018-09-18,2021-09-17,Active
3265df96-9623-47db-b806-6d063fae5a8e,8f23dbf8-2ee5-445d-aed1-3f4ac852cf2e,Education Loan,492426,5.34,27,1519.83,2021-11-23,2048-11-16,Closed
b4a5a167-8f09-434c-94cb-b5c811d0fceb,2df62b86-2222-4da7-80dc-8e976e8fb126,Home Loan,709135,2.29,27,2188.69,2015-12-01,2042-11-24,Active
e0941255-1377-4313-9d3c-2abd024aef73,e42b7dc8-e785-4fed-8a19-3d7452b35a0a,Personal Loan,572129,4.42,29,1644.05,2017-05-13,2046-05-06,Closed
e209c315-a6d4-4729-b01d-ce1ed00e200e,02be909f-e0a8-41a1-8d6f-ff1c00d7bd9a,Education Loan,609260,2.67,19,2672.19,2020-06-26,2039-06-22,Active
7cfdde06-b739-4c2a-b284-c586476d590b,140b2540-79a1-474e-a856-d4e4b10da132,Personal Loan,299879,3.29,26,961.15,2021-01-24,2047-01-18,Default
ae8ed472-5ea9-42b4-bcab-4249672b3273,a9b9128c-3fd4-4826-819d-cd3a394dbcbd,Car Loan,58103,5.63,4,1210.48,2019-06-14,2023-06-13,Closed
a43e6bf6-9cda-48c2-b3ef-e09ed735dbbc,9f443361-616b-4472-8242-4fa0f9b67945,Home Loan,69949,4.1,13,448.39,2019-03-28,2032-03-24,Closed
0d0fba10-8dbd-4899-b3ff-a11b1d0c9e17,03cc9ced-94f3-4886-84c1-70b2649509a3,Personal Loan,958038,8.29,11,7257.86,2017-08-22,2028-08-19,Active
2deb5c15-2f01-4b51-8ad6-528c79b81fa7,8dc06a14-12f5-42e6-83bb-9420f45dffc3,Car Loan,122462,11.92,10,1020.52,2020-06-03,2030-06-01,Default
c8441cd3-57dd-4cb8-be48-f576bf3b7e95,b4db32f1-2444-46bd-a0d2-2ebd4b7b7192,Education Loan,651533,7.83,7,7756.35,2021-10-09,2028-10-07,Closed
fa9428b4-1c3a-4429-afbf-903ab790e88a,7c54c41d-d9ae-4533-a8eb-344fc57b7780,Personal Loan,31573,10.45,11,239.19,2021-06-25,2032-06-22,Closed
4c921243-63f8-4028-a304-646f072af8d8,4766f6b5-f85a-465d-a94a-c68ddecb5920,Education Loan,378573,10.47,30,1051.59,2023-02-02,2053-01-25,Default
e68ac074-4eba-4de3-a769-a40d878f33f8,52e15c16-ed62-4840-9449-a5a67d50d8cb,Car Loan,950930,5.05,1,79244.17,2019-05-15,2020-05-14,Active
c48148d9-0ea4-4de9-90e0-01ba25bbc358,f726473a-7c15-426c-af8d-b76ff95d8689,Education Loan,958175,10.39,24,3327.0,2015-06-05,2039-05-30,Closed
6b22f091-0102-4ccb-a6cd-6c268cbcbaf9,5d323ec8-211a-4425-9f9d-98b6e59a002e,Education Loan,610372,5.89,24,2119.35,2020-08-03,2044-07-28,Active
8cdd8c86-17ee-4eab-98a1-51d429abd673,9bd57807-fb71-45f7-960e-1d4a8bc6fa36,Education Loan,985390,9.51,1,82115.83,2020-08-19,2021-08-19,Default
a0d51937-97be-4759-bbb9-87b33761c47e,80aff192-1104-4f2c-8e89-d8fc554f064b,Education Loan,85488,5.12,14,508.86,2017-08-02,2031-07-30,Default
e456aa29-ab05-4c18-a679-db0e09b14e7c,393715df-60e3-4ea4-bfeb-eb547f73354b,Car Loan,719221,8.57,22,2724.32,2023-07-12,2045-07-06,Default
5bd3c184-8232-438e-99e9-db22ac0a76c9,44557415-b257-4cd6-8f2a-b2ba43c7c84f,Home Loan,268583,9.19,3,7460.64,2018-09-21,2021-09-20,Closed
104d18b0-9aa9-4ad1-85f0-d5a6139982b9,062a6635-41b2-492e-bed1-3518587e847b,Car Loan,599141,8.54,14,3566.32,2017-03-02,2031-02-27,Default
5ecd1104-cc53-4df2-8168-89f758fbc97c,2c0b0cb9-2e98-4545-9bab-055d881ca61a,Home Loan,124711,2.56,16,649.54,2015-05-20,2031-05-16,Closed
66122b87-f429-4a82-b9a1-412a73a83c65,a9cbef11-9d1f-45a9-a256-a4be0cdac01b,Home Loan,142684,6.73,14,849.31,2018-07-02,2032-06-28,Active
dac6aaca-2a76-498f-b923-bc5a16d19163,5104e037-efcb-40d2-9a86-ae9ca0177038,Home Loan,692998,8.63,22,2624.99,2024-02-29,2046-02-23,Active
f8f84605-c81e-47f5-84ed-45b975de73d2,9e7259cd-440e-4b19-ad93-e26b9d82a19b,Car Loan,576056,10.98,29,1655.33,2021-10-01,2050-09-24,Closed
e0026f48-a29b-40b9-85f6-a160615601aa,c006ca78-e25b-4e09-ac31-b00c6bf484b4,Education Loan,259983,3.65,23,941.97,2016-05-25,2039-05-20,Default
afa7fba4-69d5-4309-b229-25903638c59e,d7d6f3c8-2eb6-4354-9a72-f819ab416658,Education Loan,679008,3.43,27,2095.7,2021-05-09,2048-05-02,Closed
ccfd6162-a6bb-4ec4-996f-9e54da70cd3e,41236889-8416-4853-a085-346b8d468fcd,Car Loan,101084,12.0,4,2105.92,2022-11-21,2026-11-20,Active
5842499d-dd10-4fef-9d47-11aa2a334c75,55eed865-f39e-405b-87ae-79e174d09c7b,Home Loan,132753,7.69,24,460.95,2023-10-12,2047-10-06,Default
883ac3c7-9bc8-48fc-a2c5-a361fa5c1505,d7de390a-c977-4c0d-9fe1-ec4904f666f8,Education Loan,565381,10.03,2,23557.54,2019-07-30,2021-07-29,Active
3e9b6310-23db-4627-9d52-1952a80e37ed,8321c32f-1f34-4b18-8d81-94649d4bb098,Home Loan,881787,7.73,6,12247.04,2018-01-01,2023-12-31,Default
ac9ce612-a29d-4539-a4e9-88bb0ad0558e,ed540c4c-1751-4d22-9dd0-8b1db4efeeee,Home Loan,514584,2.3,14,3063.0,2018-06-17,2032-06-13,Default
ae18b8e5-95a9-4117-ad0b-bfe188f5bc8d,349dc17e-fc6e-47b2-8449-0bcc2e7fb471,Personal Loan,577673,5.19,18,2674.41,2020-03-20,2038-03-16,Default
e3941cc1-1f62-4fc4-b309-2026f908e736,c4ac1fb5-61ca-4eae-9330-8cf80f0bd43b,Car Loan,344073,8.81,14,2048.05,2016-01-06,2030-01-02,Closed
2ca5009b-97dd-4b53-9aee-e4b585da4c46,33cb8c87-b4b1-474d-a0ab-ccc7f99d85b6,Home Loan,48132,4.71,15,267.4,2017-05-29,2032-05-25,Default
f64fc51d-e9c0-46d0-b795-09155061b986,7e318b46-79c7-4f2e-a1b3-7a83ccba077f,Personal Loan,832348,2.35,20,3468.12,2015-06-28,2035-06-23,Active
f80792b2-aef5-4d91-84f7-0307eb286733,1d0fc23f-8f72-489d-8105-5cf9d005bd32,Personal Loan,663262,6.58,18,3070.66,2021-07-06,2039-07-02,Closed
154c76cf-ea0b-4f43-a7db-153b6a47565f,f4119bfe-14f2-459c-83b9-81cacefb1c3d,Personal Loan,875867,3.26,29,2516.86,2016-07-05,2045-06-28,Closed
1c59dffe-de3a-4964-8f0a-9190e6f91eb0,87147047-6e2c-4da8-8ae6-5121fd7b3224,Car Loan,131537,11.85,6,1826.9,2019-04-19,2025-04-17,Active
c8bc5244-5a52-44a0-afc4-4b8bd4a35a05,3a40b730-6e97-4850-b90f-99927eeb51bb,Home Loan,555309,10.49,28,1652.71,2016-08-04,2044-07-28,Default
6adb3077-9624-436f-9825-c3e91c79f777,7b55573e-49ad-4967-9bf9-cd95e2b7b752,Car Loan,49110,5.29,26,157.4,2021-12-20,2047-12-14,Active
b6c827ce-cf14-4050-a54c-f968416c6691,d198c0b8-27b8-4aa3-a669-645b3b256734,Personal Loan,730525,7.82,9,6764.12,2023-11-30,2032-11-27,Closed
5ee38f46-feec-46d3-ac02-6eddbc84ef98,f2f31528-3cfa-4295-90fc-bda436b8d339,Home Loan,969976,8.0,8,10103.92,2018-08-07,2026-08-05,Closed
9850dcf2-1e27-4960-a063-9a62147b1327,8be04b57-6959-41b0-9685-14481698b4e5,Education Loan,112933,10.6,17,553.59,2016-02-02,2033-01-28,Closed
f4e21e93-e370-4e62-ac81-1909d309d3f5,9f443361-616b-4472-8242-4fa0f9b67945,Personal Loan,644636,5.96,10,5371.97,2018-08-28,2028-08-25,Default
5fafbf52-9a86-44af-a98f-842387f84d91,71667ef1-2e5e-4db9-aab1-bb99446ac6b6,Home Loan,466620,5.16,30,1296.17,2018-04-17,2048-04-09,Closed
ff41f4a9-3c3b-442a-963b-78dbb362867f,1f7c36e9-2622-45fc-9d66-47aaf896a994,Education Loan,914520,10.45,20,3810.5,2015-12-26,2035-12-21,Closed
60584917-b886-40be-bab4-3557f8267da7,8c05dc7a-82b7-46f2-9c51-b9f70d4035dd,Car Loan,306578,9.85,5,5109.63,2024-04-28,2029-04-27,Active
1b83d0ae-6a92-4432-8ebd-c1389d59ca0d,fb0914cd-1a65-4e5b-bb66-afd633b0389c,Personal Loan,410280,11.1,3,11396.67,2020-07-23,2023-07-23,Closed
73ea6fb0-7bdb-4bb9-85bb-ed8c4a9c725e,ca3252d1-70d8-422f-9c66-d49fc41c6c01,Home Loan,549476,11.85,15,3052.64,2019-10-15,2034-10-11,Default
423fd144-c146-4de1-b5cd-8cc72c4bb0d6,4b164d81-e92d-466e-b2f2-b1d3e9a7acb4,Education Loan,824142,7.02,2,34339.25,2024-04-15,2026-04-15,Closed
25d904cd-3c8e-4150-a3b9-c5e8d9531a7b,0ddf913b-4739-441f-95a4-1f4cc5db1396,Personal Loan,940307,8.08,9,8706.55,2016-11-13,2025-11-11,Closed
a55fe3bb-e7b2-45b1-9941-5d143c79e4f7,a9a8052e-912d-4a6c-8831-64d24103dd68,Personal Loan,534380,5.49,3,14843.89,2017-12-13,2020-12-12,Default
e5a4a3fb-a1bf-4515-974a-d257d0e683db,b542af93-cbb7-4fc9-a3bf-217e04f9cc2d,Personal Loan,897187,7.4,21,3560.27,2021-10-02,2042-09-27,Active
b273d5a7-a4fd-46cc-bc24-2dcb0b7d3253,41fe47ee-67b5-452a-8df6-5b32f3c1a485,Home Loan,817404,7.02,27,2522.85,2022-11-06,2049-10-30,Active
ef06c726-b429-43e0-8739-a19834951c7a,a44aa5f2-eb89-4891-aa67-5b479be51db3,Home Loan,760419,3.58,11,5760.75,2019-03-02,2030-02-27,Default
8566af2f-fd51-4be7-b8d0-d5d4de038db0,a48b7815-c359-44b8-bb39-b712eb9b6413,Car Loan,488192,7.21,2,20341.33,2022-09-07,2024-09-06,Default
eef7123d-d986-44c3-a5b3-03bbb8ce93b2,fd772862-b5ac-4ed3-83ca-295d6c37852f,Personal Loan,180651,5.71,16,940.89,2016-02-03,2032-01-30,Default
9053403e-6f03-422b-8665-5984240516f9,159f3771-35f7-455c-bf6e-06cae430c510,Car Loan,435546,11.47,8,4536.94,2019-09-26,2027-09-24,Closed
23cc00bb-7a6c-43cf-bdda-00ff6e6630a8,c01b2624-77f1-4e18-93c2-4d3e4a43b517,Education Loan,535448,8.21,7,6374.38,2015-08-30,2022-08-28,Default
9af8680d-3019-47ca-bd68-e8d2c0150ef2,2db438c0-6bcc-480d-9ede-07b41facd3be,Car Loan,197224,2.83,14,1173.95,2023-08-06,2037-08-02,Default
6d085e70-288f-4765-a2e0-18c5857f62b4,c7c9c5b4-a29f-45d8-862b-95f5f91351b8,Home Loan,947732,11.27,23,3433.81,2020-05-23,2043-05-18,Active
7c342eb0-5129-4979-9abf-9904b27facac,940edb10-c961-4316-8458-8370707c77e9,Home Loan,507360,8.04,1,42280.0,2018-08-06,2019-08-06,Default
674e0e12-53ac-4282-b0f6-7ca35796677f,ff25e4b2-7ecb-47cc-bfa5-662b9f92b12d,Personal Loan,220511,2.15,13,1413.53,2016-09-05,2029-09-02,Closed
d8339c9e-b310-433f-a965-e53c928a06b4,c2774905-c77e-4178-973e-c41d03cec290,Personal Loan,811469,4.06,10,6762.24,2018-12-24,2028-12-21,Default
0bb8acbe-6a0e-4a55-b732-108b147d0001,17c33a9d-c603-4e41-ae46-ef8daa5e589b,Personal Loan,477814,6.42,18,2212.1,2020-10-17,2038-10-13,Active
6505f86e-a22f-43d9-923d-89cc9e16e3c6,5699ef81-d4fa-4f7d-86c7-41bcc1e443d1,Car Loan,773999,2.64,2,32249.96,2022-06-01,2024-05-31,Active
78866919-656c-42c2-9fda-7fdedbb5a621,3af551f8-63be-40bd-8957-38673c5f38ec,Home Loan,886692,9.59,29,2547.97,2018-01-13,2047-01-06,Closed
2084315b-8a62-4400-aa51-9890dff6203d,787924d3-eaff-4c95-9437-4b6434d1a802,Personal Loan,756235,2.9,30,2100.65,2016-05-23,2046-05-16,Closed
f458b8a0-5f2a-4b3e-9381-335e974db276,d5dd6ac4-14e4-4fe2-ad88-d10a6833ee81,Car Loan,63232,5.43,24,219.56,2016-12-01,2040-11-25,Closed
606e1bd2-7a43-46a4-8b6d-1a8f9259a495,f9bcbb7d-9a96-468a-94a3-187a6b45dbd5,Education Loan,829195,7.71,10,6909.96,2017-04-26,2027-04-24,Default
f23f337a-2380-4b75-8eba-15519bf3f86c,3102d41f-de6e-48af-98eb-f0656232af26,Home Loan,158573,7.41,11,1201.31,2017-02-06,2028-02-04,Active
fa5bca15-6260-4107-9781-7918796eb5f3,d91c57a9-ec1b-4421-a102-f5d378d31d64,Home Loan,271400,4.03,5,4523.33,2020-03-25,2025-03-24,Closed
8de87aea-188e-48f3-9fe6-4133049f4237,1c8d4581-03f1-42bf-acc4-8f47debf68d5,Home Loan,78420,11.56,26,251.35,2019-11-29,2045-11-22,Closed
4d7268f8-1e70-4220-b787-87fd23f9894f,715c498e-e9e3-4cd8-aae5-f3a125b0290f,Car Loan,568333,8.97,17,2785.95,2023-12-26,2040-12-21,Active
e84ca0db-18d9-475a-82d2-9f64cb9902be,9ae698a7-eb5c-46a6-8416-72bbe6bdfab9,Personal Loan,238884,9.51,12,1658.92,2015-12-05,2027-12-02,Default
44420999-bace-4897-af94-b6a72fd2e645,b0777714-1096-4152-b220-30b21e2b7df0,Personal Loan,907335,4.36,14,5400.8,2018-02-13,2032-02-10,Closed
c23ef428-8c19-4d36-a184-73b18568e688,de8116f2-4303-4e09-b3ea-16cef2dafcb8,Car Loan,823343,2.02,22,3118.72,2022-01-25,2044-01-20,Closed
398d78dc-960f-40e6-ac0c-863d5b785ce9,6ce2c267-18a1-4a93-b76b-3e4199f6c4b1,Education Loan,134090,8.97,4,2793.54,2015-11-01,2019-10-31,Active
71c7513f-d0e2-4464-91c0-f05003255bef,2a41f05b-4cb1-4ff6-9751-7aaa8dc3e8cc,Education Loan,970051,4.95,22,3674.44,2023-04-25,2045-04-19,Active
56a7bfd8-9e46-44ab-924a-471c6eb3cc08,ff2ad1df-f95d-4e9d-bbf3-36790e35ef07,Education Loan,571791,6.63,25,1905.97,2015-11-04,2040-10-28,Active
d59a3461-241d-40d4-8369-f9222e4ed3af,99717a01-8861-48ff-aa7f-2ad97218d5e2,Personal Loan,813357,10.87,8,8472.47,2022-12-06,2030-12-04,Closed
8d1ecbef-f115-4004-86a1-0dff30997a17,321c0e5f-e9f0-466a-93d2-eb17d6b51e75,Home Loan,854819,9.01,11,6475.9,2024-05-05,2035-05-03,Closed
31a33d50-7d9f-4eff-b841-6a5aadb04f38,2c0b0cb9-2e98-4545-9bab-055d881ca61a,Home Loan,690091,2.02,5,11501.52,2018-10-01,2023-09-30,Default
5d9f7c05-9c80-4a11-be62-3167ca84ad53,f1e5fe75-606a-41a5-9362-cbb2bef5cb5e,Education Loan,641088,5.58,1,53424.0,2023-07-13,2024-07-12,Closed
6bc82132-02b0-4922-90f7-564dc7b5be59,a0f3ca3b-7e78-4022-a77f-ead76d218f62,Education Loan,317102,8.42,16,1651.57,2021-10-23,2037-10-19,Active
09c15f25-d3e1-4470-b29b-e0badf903633,266df76f-0800-4ded-9f30-8a9e3fb516fe,Personal Loan,23741,3.73,23,86.02,2015-08-26,2038-08-20,Default
c42a9f3b-822e-40b8-b979-9c377cbeaf89,ac0507ac-4149-4fc6-8db6-6b5f6a7e9e72,Personal Loan,972094,3.33,12,6750.65,2019-11-14,2031-11-11,Active
e48af5f8-31e1-4e69-a17f-f7b06a26725e,6f191f1b-a257-4695-878a-f8dee13e785a,Home Loan,168648,2.27,17,826.71,2017-06-22,2034-06-18,Active
d9aafd64-bc29-4c76-8b11-575dbb521eb1,3dfcd380-ff35-4f21-8e8d-0d0214808904,Car Loan,423291,6.46,22,1603.38,2018-06-11,2040-06-05,Default
bab1d3ca-8140-4184-b1a9-ce155ef6c551,e48b41ca-1683-42fc-8006-4c290950877b,Home Loan,548773,9.87,1,45731.08,2023-05-15,2024-05-14,Closed
bf645da2-e7f2-4173-ae9d-a9f0119d7b49,1e4f992e-29e2-4cf3-9a9f-173eba33d4bc,Car Loan,685989,7.39,1,57165.75,2022-09-02,2023-09-02,Closed
eebe5859-cd22-4007-a4f1-27e41716321d,591628e5-7459-42a0-9012-4f0c5fa5ed26,Education Loan,104616,11.93,11,792.55,2015-11-13,2026-11-10,Default
a6a5ebcf-01fd-4c7e-a845-92d60826d30f,1bb44149-5471-4737-933c-f614dca1e316,Education Loan,909337,5.18,4,18944.52,2019-03-08,2023-03-07,Active
f3b90d39-cc5d-4672-96c5-d650a8aab977,99717a01-8861-48ff-aa7f-2ad97218d5e2,Education Loan,546726,7.23,11,4141.86,2020-12-27,2031-12-25,Active
638c8089-7cec-4615-bf23-d6b44138f1f3,3b733c29-9d90-4169-bf1b-5f2fcfe802ba,Car Loan,999123,10.43,16,5203.77,2017-04-28,2033-04-24,Active
66d70f6f-a975-4f15-9079-d03b8e133add,4d6e7798-6de4-437e-aa1b-815c2689258c,Education Loan,210900,7.55,9,1952.78,2018-06-25,2027-06-23,Active
8f809cf7-87f9-4c8b-9d8f-cb9682a8284a,fb268ae0-786d-439c-aa2e-6dc785041301,Home Loan,328801,10.26,23,1191.31,2020-09-20,2043-09-15,Default
ed009d4b-4bbe-4924-85be-366d56be5a82,63b8fb92-a1fc-4969-8b5a-21f34d574ab9,Personal Loan,853047,9.06,6,11847.88,2019-01-12,2025-01-10,Default
f817ca2c-4704-4fe2-b06c-59d0abbe8a35,c87752cc-b82e-49fd-81cd-d45e3e97bba9,Car Loan,128274,10.29,7,1527.07,2023-12-13,2030-12-11,Default
6684b8fd-52bb-4b9d-9d6e-7bd82d320b4c,69e7d7ef-270f-46bb-ac7c-4c18a9958d09,Personal Loan,862210,8.19,30,2395.03,2018-02-01,2048-01-25,Default
5832dd28-662e-4e70-899d-649588bfb6e4,98eb3d97-2e25-4d39-ab57-743e6d45450e,Personal Loan,680507,10.43,12,4725.74,2017-03-12,2029-03-09,Active
b6b44c1c-ba7d-440a-96aa-e29646530b76,dcb9dd1c-4178-4cbd-b3d7-60022b73be9c,Home Loan,137002,9.03,5,2283.37,2020-01-23,2025-01-21,Closed
00bd4272-c5c1-4938-9e33-c736dc69f921,6033bb6c-679f-4d6b-905e-bd455ef7f8ab,Education Loan,864276,10.31,21,3429.67,2020-08-11,2041-08-06,Closed
ac4a7c55-d1f5-4d04-8cd8-a9d36f1304a0,4f6eadcb-2035-40b4-960e-5185d8c9369f,Education Loan,876524,6.01,25,2921.75,2018-12-25,2043-12-19,Default
f26328c9-07dd-4e88-963e-4eb62687dc83,50ee6162-04b1-4242-949d-ddf5b1f0b484,Car Loan,174913,8.62,1,14576.08,2016-02-20,2017-02-19,Default
6c1e1658-892a-49de-b418-ef1029e85c83,c01b2624-77f1-4e18-93c2-4d3e4a43b517,Education Loan,813578,9.57,25,2711.93,2021-10-15,2046-10-09,Active
ead63446-7a83-4767-a250-86072369651d,974a449b-6d20-419d-b811-17d54608a0ea,Education Loan,338239,10.86,5,5637.32,2018-02-03,2023-02-02,Closed
b0193ca9-80aa-4ea1-9aa9-81991bd836a7,5e3eee22-dbb3-42b2-baca-afbb37facf56,Car Loan,274183,3.34,1,22848.58,2020-01-22,2021-01-21,Active
1e1a4591-ae6d-48b2-aa8a-d58c299301c8,7b3d1084-db2e-438a-a71f-07c1fce73768,Personal Loan,503019,9.3,2,20959.12,2021-03-17,2023-03-17,Default
ca671c07-b51d-4725-b469-038a5616bf0c,60037447-3f7b-4f3b-a827-0c900b17ba6b,Home Loan,441148,7.56,5,7352.47,2019-07-23,2024-07-21,Default
b40cc12c-154b-41fe-9bd3-d797922d607a,181c4022-3a11-41c5-a8a1-293a4db88ce5,Personal Loan,895978,7.88,24,3111.03,2020-09-15,2044-09-09,Closed
7589e36b-e90b-498f-bac9-e3751674dd3a,fd772862-b5ac-4ed3-83ca-295d6c37852f,Car Loan,420331,4.96,5,7005.52,2022-09-27,2027-09-26,Default
f46b97af-1570-4de3-9575-20396f3d9843,c598c042-0fc2-4667-ae18-ebc6ebe20599,Home Loan,777994,8.85,20,3241.64,2016-04-17,2036-04-12,Active
ed5574fa-5a85-4c80-86d4-efbff72c09b2,e7d9e1f3-04ff-43fd-ab89-1396f4536aef,Personal Loan,134984,4.65,27,416.62,2019-07-04,2046-06-27,Default
3e5e058e-44ff-4f99-904a-9738104b2a21,1b796d51-430c-4745-b62d-e987d26d754a,Education Loan,946474,2.69,3,26290.94,2021-07-04,2024-07-03,Default
b7ec93f4-cf82-4965-9c13-66c33ee5ad50,377a14e8-d825-4db2-b53b-4811c9a9be16,Home Loan,14932,7.43,12,103.69,2022-03-20,2034-03-17,Active
cc4e7d4e-a14d-4c76-b924-38730d3b4c45,7c8f5a2f-69d2-4a49-a071-be1112c8bb2f,Car Loan,664613,4.52,7,7912.06,2023-12-19,2030-12-17,Default
c88637e3-a846-4595-a1a1-213bbe421e5f,42436560-feed-4cc4-8638-f5f94e9a7fbc,Personal Loan,305504,4.42,22,1157.21,2023-06-13,2045-06-07,Closed
8ed440ae-f6ad-4dc0-8ee1-19a779a5cd52,8da5f1fe-420d-47bf-b994-41100daf2eed,Education Loan,696016,3.59,23,2521.8,2017-07-28,2040-07-22,Active
38509019-257e-4a6f-8244-dd78b94339b0,a6cb3d90-8017-4445-bffd-38ab53296743,Personal Loan,63038,11.51,10,525.32,2016-08-31,2026-08-29,Default
41a17f2e-e01e-4477-851a-414c0daad6ce,5703687b-64f5-45f4-9d5c-4dc78324301f,Education Loan,909996,5.84,16,4739.56,2023-09-12,2039-09-08,Closed
b640e879-a786-4354-952e-9756735adf61,c828a117-a583-40bd-a353-943b1bff8975,Car Loan,467718,3.11,9,4330.72,2023-09-28,2032-09-25,Active
ce9103bc-120a-4db3-a941-8adfd835c6d1,4985d2ca-74c3-4b93-849c-110774e1b28d,Education Loan,352096,5.19,11,2667.39,2022-04-20,2033-04-17,Active
fa56e0c5-c38d-4b27-9acb-04c7032f8a3a,fd4a202e-dad9-4c41-81ae-869791c63ab4,Car Loan,951296,6.02,5,15854.93,2017-07-11,2022-07-10,Active
39cea552-92be-414c-8773-925555c6ba8e,06a92e5e-9a66-4e6e-aa6c-a7176b1a6c2b,Education Loan,205620,4.95,14,1223.93,2017-01-04,2031-01-01,Default
12cfdf74-67c4-49a3-8a52-b608b262c11f,a0bd60ee-8f00-432b-94c1-20a721add1fa,Home Loan,897628,2.97,10,7480.23,2022-09-09,2032-09-06,Closed
937188a5-95a8-49d0-b651-36a83d6cbf4b,bf2ef3b6-88e9-40a1-b25d-71c77cbf2af2,Education Loan,336939,9.14,6,4679.71,2019-10-04,2025-10-02,Closed
8103c80e-701c-44f5-b43c-d7eb4ab76a13,3375ed80-fae7-4d32-80da-35b7ad9ba8e3,Personal Loan,601098,5.69,2,25045.75,2020-01-16,2022-01-15,Closed
5ad476df-b0fd-45e0-bc60-ae58fadbd9af,57579cb8-1a65-4684-b510-b4b7be249a9c,Personal Loan,569795,6.34,17,2793.11,2016-03-16,2033-03-12,Default
e6e033ae-9d5b-488f-8ec7-51402f342051,791181bc-a8da-425a-a61f-aaf5129f653a,Home Loan,82694,6.07,24,287.13,2015-12-28,2039-12-22,Closed
21459b2e-4ade-4cbf-a558-56628b9682ac,4e0f77b1-009e-45fe-ab1a-67fb4a9c687b,Education Loan,367905,8.67,6,5109.79,2016-09-09,2022-09-08,Default
8b1ad2f3-6923-4519-8e08-df3ba01db912,417e3112-5080-41fc-9f42-72f909ec4e24,Education Loan,107713,5.17,16,561.01,2023-12-11,2039-12-07,Closed
d4aa0ae3-c409-49cc-b553-6afd1cc8b2ef,73f4d4e4-41a2-4414-bf50-1862f668d930,Personal Loan,341907,10.82,9,3165.81,2019-03-12,2028-03-09,Closed
d2d2befe-327d-419e-ad2e-8d2bc51bfbe0,d28f1f8c-568a-48a9-8fdd-dba12b0b9401,Personal Loan,915657,9.58,14,5450.34,2019-01-16,2033-01-12,Active
f9358208-ebe1-4e35-b9d0-384e7d6cbe67,2b60edae-395e-4009-aadd-56986e33599f,Personal Loan,551260,11.09,4,11484.58,2023-02-03,2027-02-02,Closed
56981770-aaeb-4889-a2f8-b14201f3f5ef,9b07dcc2-1355-4dda-a997-218bd1b3c401,Car Loan,388036,3.6,4,8084.08,2024-01-28,2028-01-27,Active
e346d247-06d4-4e8e-9632-daa152d3c60d,8da5f1fe-420d-47bf-b994-41100daf2eed,Car Loan,219002,3.28,1,18250.17,2022-09-26,2023-09-26,Closed
1a8dec7f-40a8-482f-bfc1-1bd88a77c3d0,18fc4426-34b4-471d-93dd-de29705880c4,Personal Loan,850537,3.83,1,70878.08,2023-09-08,2024-09-07,Active
5d7bdd59-4449-42b8-b173-f8bef1f421be,ba8c2039-4613-4bc3-aa87-6d354f517e21,Home Loan,130651,7.31,25,435.5,2017-03-28,2042-03-22,Closed
6084f2ba-2ce6-4558-8f99-ee2cd48aa2ca,4c30a762-6917-4b73-aa38-64db14273aee,Education Loan,604546,7.8,21,2398.99,2017-02-26,2038-02-21,Active
7a2cb09c-f036-429e-8e4c-297ba3755f41,ee663260-6284-4674-b699-82af3f0d1182,Home Loan,320449,3.65,11,2427.64,2015-09-10,2026-09-07,Default
8391a56d-42f3-46c6-bc2a-41866bb1e5a0,3684de0a-5e1c-4fa7-80a6-3c36d3687ba3,Car Loan,680133,2.2,11,5152.52,2023-01-03,2033-12-31,Default
05b5a4d7-7ce2-46d5-98fe-1013b31fae0a,1ab585a9-14ee-403e-b888-0f51d656f42b,Home Loan,835006,5.88,24,2899.33,2019-12-10,2043-12-04,Default
75033079-5ad9-4ec9-abf6-aed30b9db748,9a4a9558-ba36-4042-a087-e476ec98ada3,Education Loan,181873,3.83,18,842.0,2020-01-09,2038-01-04,Active
6ed2c132-ebbd-4c22-b834-3b401a92d4ea,d3bef8ef-a665-4967-b9ee-94d406611c2c,Home Loan,885993,4.6,6,12305.46,2023-07-24,2029-07-22,Active
9f76a984-ef28-4fd3-84d6-3b0ac91ddada,1c73315c-1550-4736-8274-7ed4e893d3c6,Home Loan,317816,10.36,8,3310.58,2023-08-28,2031-08-26,Active
facda4d7-39ee-4dd6-905b-dd42dbc8c928,fc41d20d-849d-4376-aa66-8632d24a4ebd,Personal Loan,687936,4.21,6,9554.67,2021-02-05,2027-02-04,Default
9d235b67-a561-4b9a-81d0-24c95da64de4,c69f6425-8e35-4261-b221-1f02c34c7d3c,Education Loan,449148,9.5,21,1782.33,2019-01-30,2040-01-25,Active
ea32bf0b-3eca-4ec8-9ee1-1b93f329ffc0,87d3675a-a059-4606-92db-e29847f69203,Education Loan,783062,11.42,3,21751.72,2019-04-09,2022-04-08,Active
1e0b50f3-5898-449a-bc12-f512ec5b353b,50c3da78-9edf-4c85-bc72-37f27ec0c004,Personal Loan,800658,4.75,17,3924.79,2022-02-15,2039-02-11,Closed
8c75c286-e447-4b64-a663-cee15559794f,87411ecc-314f-4adc-a6e1-c8a6d1685719,Education Loan,440583,4.22,30,1223.84,2016-01-20,2046-01-12,Closed
4c777bc0-fb65-4bd1-b21b-8c6c4cdf19b6,b10873af-9b2c-439a-8ec8-ee27f1ba9599,Car Loan,27806,11.29,21,110.34,2017-04-27,2038-04-22,Closed
931d4add-dcec-414e-82e3-8d795f555a0e,1c8d4581-03f1-42bf-acc4-8f47debf68d5,Home Loan,674944,6.28,29,1939.49,2018-04-26,2047-04-19,Closed
dba4e2e4-b82b-4020-b500-7854e5e8f567,0ff5e518-caa5-4437-8668-9c9731ab75f3,Personal Loan,399897,7.63,14,2380.34,2016-03-31,2030-03-28,Closed
82e2d550-38c4-4a71-afec-3c27a51c5d37,e75ad314-de05-4d1e-b28e-e305d9e23661,Personal Loan,372152,10.03,20,1550.63,2019-11-24,2039-11-19,Active
138273ac-793d-42b2-9720-d1228a12f775,bb3cc6e1-9d54-4a82-a895-da5d4ea4ce9d,Car Loan,832435,5.52,26,2668.06,2024-03-01,2050-02-23,Closed
ab01a202-a858-40c4-af1b-24d90f4ac606,960ff9e0-d978-4250-8bd6-c8c38d7cf429,Car Loan,341736,6.55,12,2373.17,2021-03-10,2033-03-07,Closed
9bc3fec4-f110-475d-9b66-86d033b905af,78c60f35-8892-4ef9-b05c-e30bfdc0232b,Car Loan,979700,8.02,30,2721.39,2021-01-15,2051-01-08,Default
b3db04fe-c866-4fa5-b868-b59f2ce38699,eafd85b4-76f7-472c-94c8-3c56842648f5,Personal Loan,554722,5.4,15,3081.79,2017-06-23,2032-06-19,Closed
a13b7e46-6814-4557-adfd-921a42db7212,fda2d517-e1e2-4a57-96c7-b0627c88791c,Car Loan,862116,3.95,13,5526.38,2019-09-16,2032-09-12,Closed
be134e1e-6bcf-4b62-9d86-eac8f4e0f055,58b819ed-df5c-4645-abdd-e692e266452f,Education Loan,804171,7.17,1,67014.25,2016-04-30,2017-04-30,Closed
353a7fa1-0330-4140-aa49-b02a266977e8,ac2cd850-e0fa-44e6-9d45-8c054227638c,Home Loan,628045,6.66,6,8722.85,2020-04-27,2026-04-26,Closed
70279906-f32a-43cf-8f97-85acdd34db40,6266c94a-58ce-4a21-b904-ff67f75cd69b,Home Loan,255150,8.38,14,1518.75,2015-10-22,2029-10-18,Default
813864af-4ccd-436d-85db-a5c2a3ee9fa3,ef5f2cae-0d7a-48fe-9c78-e811d5c1c37d,Car Loan,386581,4.09,23,1400.66,2022-08-26,2045-08-20,Active
a784423e-53a1-4688-858b-3fb21a3410cf,32027016-cc84-4a33-bdcc-ea8189216a2f,Education Loan,845813,4.5,5,14096.88,2021-07-22,2026-07-21,Closed
1f8f1f11-053c-4c9f-b3de-fe5c303694b5,0c555bb8-111a-4475-ac86-5cafaf033540,Personal Loan,73865,5.46,14,439.67,2019-08-10,2033-08-06,Active
cb0a9581-3a4c-4010-a78c-be0156feb130,23421c4f-1900-41b8-a7b8-e1ad2820366a,Home Loan,59430,11.84,13,380.96,2016-05-21,2029-05-18,Closed
53bda6af-552f-4e94-8602-a02dcec93af8,b97036cd-1736-43a6-92b3-fb92ab61c730,Home Loan,155007,10.86,28,461.33,2015-10-25,2043-10-18,Closed
c6b97cbd-db20-43d6-90b3-aa86ff1a3791,ebba3a7f-adcb-4052-a9a4-cb343471ccf1,Home Loan,573966,10.58,1,47830.5,2024-03-31,2025-03-31,Default
ff2ff189-bd6e-4370-ae45-20a0076c6303,5a865977-498c-49df-986e-54249348ec64,Personal Loan,696143,6.38,7,8287.42,2019-07-26,2026-07-24,Active
fc34ef31-d675-4dc8-9191-d526b8244db4,d0cfba58-2203-4db3-98e7-8b786aec935e,Car Loan,540138,5.8,2,22505.75,2021-04-06,2023-04-06,Closed
2d35899e-5f41-48ee-b8d8-d47bbeb8ac85,50ee6162-04b1-4242-949d-ddf5b1f0b484,Personal Loan,956216,2.8,30,2656.16,2016-11-24,2046-11-17,Default
914e0132-a144-4b4f-9bc3-a94739f21b50,0350688b-031f-4c26-ac53-a76164f4b570,Car Loan,149088,10.3,24,517.67,2018-11-03,2042-10-28,Closed
fc946e1f-7690-4b9f-8e4d-c8ba97412d06,d5625bd2-eb45-421f-8bdb-1c6fee51f02d,Personal Loan,433537,2.85,4,9032.02,2018-08-20,2022-08-19,Closed
0a9c3f4e-1a69-43ff-af19-e8778c8adab0,72570b7f-9d99-4dee-a769-7d354b015550,Personal Loan,116625,9.25,9,1079.86,2016-04-08,2025-04-06,Default
34c5898c-41ef-456f-85c7-707b76279bdd,38051dd8-300d-44a8-be8e-7adb4241af2a,Education Loan,855476,11.51,11,6480.88,2019-05-13,2030-05-10,Closed
39eb7933-963e-4209-84a0-d1eae660de9f,3bf43e3e-7b50-4906-aea1-b7c875b28605,Education Loan,928478,10.98,25,3094.93,2021-01-04,2045-12-29,Active
8f27e99c-c109-4b42-80e3-2987a162e0d5,f3a29eb2-e917-4cec-9193-0386a664785e,Home Loan,49613,7.08,27,153.13,2015-08-29,2042-08-22,Closed
606c7e79-b98f-4859-bfec-6d971c2cc342,0c7ff687-c8c4-48b0-a8b1-823f8b4f1050,Car Loan,582620,4.51,30,1618.39,2024-04-26,2054-04-19,Closed
2370615b-271a-404b-baa2-ef89b315a921,0b5dc79f-c717-4438-aa6f-b9e5d7000452,Home Loan,888509,10.97,21,3525.83,2020-08-28,2041-08-23,Active
4b4cb25d-617b-4677-8d7f-9ce34e1a4442,a2cd13e7-7bba-4083-94c9-e7d0008dfcb4,Car Loan,119077,3.82,17,583.71,2023-06-27,2040-06-22,Closed
dde7a7cb-25b8-42c8-80f8-defa28004078,b97036cd-1736-43a6-92b3-fb92ab61c730,Personal Loan,316160,10.41,5,5269.33,2023-08-30,2028-08-28,Default
a24fd3f6-fbea-435b-a8de-c49d4a739088,5c6f8458-2f4d-4e0a-af44-3464a2480330,Car Loan,349747,4.13,16,1821.6,2022-09-10,2038-09-06,Closed
2264daba-b09b-4b07-a270-e4d1981a547e,bb60b006-505e-4b1c-929e-c4e936a2bd36,Personal Loan,83342,8.25,28,248.04,2017-06-09,2045-06-02,Closed
4f7c9eb2-484e-4c7d-b121-8a85f9768abc,928307f5-0563-4609-8d0f-c38a7a8b6abd,Home Loan,305214,4.15,15,1695.63,2022-10-20,2037-10-16,Closed
a1494177-5626-45f2-89c9-76d0ebd7a5a3,d8b51b95-e643-474d-9b00-77238b15d282,Car Loan,850215,3.15,17,4167.72,2019-01-04,2035-12-31,Closed
76bee24b-5d6f-4640-9c16-affabd0e7484,0dc73a99-ca69-4450-803c-07abb7ca71e9,Home Loan,175416,4.19,22,664.45,2017-07-30,2039-07-25,Active
226e2b38-7e81-40a9-bfce-f7976dc4e3d8,d32a0608-fb2f-46eb-a2aa-edc1907d2144,Personal Loan,957570,6.32,15,5319.83,2021-07-11,2036-07-07,Active
bbe25d34-a234-41bf-954c-e2611f1bb0ce,3713e649-058f-4077-a217-6a14f22f0e65,Home Loan,327377,11.41,17,1604.79,2021-07-09,2038-07-05,Active
6d7c6673-9f07-41bf-879d-74ab817e86f2,21cc0555-ba51-42b7-82bf-803f2f643143,Car Loan,747629,9.15,20,3115.12,2024-04-25,2044-04-20,Default
a2e5f236-babe-4bed-bc80-30c549677eec,7a62ee92-cd92-45fe-ac1f-0115948eb876,Home Loan,700608,9.13,25,2335.36,2020-06-01,2045-05-26,Closed
24da404a-a52f-4fab-b4e7-de5b9a6cf5b8,270b1c3c-c228-49a3-9685-74e6393b9530,Home Loan,769361,4.2,19,3374.39,2018-02-08,2037-02-03,Default
e6e16539-665b-4d30-8ffd-3301a550d804,5fe53527-a329-4910-a6c4-897a6d4c6d08,Education Loan,753416,3.35,8,7848.08,2017-07-04,2025-07-02,Default
cdbf3245-4536-447b-83b8-79f9a60ed4df,a58a6b00-6253-4c79-90ae-abbf007718a1,Home Loan,330517,3.01,18,1530.17,2020-12-15,2038-12-11,Active
72f51b2e-36f7-4082-9942-0105cfb72d50,fc74795c-07ec-4449-b6cf-d67d600e46bc,Home Loan,515385,3.86,21,2045.18,2021-01-16,2042-01-11,Closed
73beec81-b1ee-4d7d-84ef-3f0cf1bfea43,a0f3ca3b-7e78-4022-a77f-ead76d218f62,Car Loan,129892,4.65,1,10824.33,2019-09-19,2020-09-18,Active
faf78440-fff8-4f45-b42d-f3bee6095fa4,45f97446-b885-4594-82ff-796f6fcaf32f,Personal Loan,204971,3.83,14,1220.07,2024-03-05,2038-03-02,Closed
c805ef96-ae82-4083-a533-45ec8718f45a,9e7259cd-440e-4b19-ad93-e26b9d82a19b,Home Loan,713605,9.94,4,14866.77,2020-07-29,2024-07-28,Default
0c89b765-be20-4fee-bcea-53bc423789d3,75fb0d49-08d2-4c8a-a277-d9ac5111cf4e,Personal Loan,978782,5.19,29,2812.59,2020-10-01,2049-09-24,Active
8acc6d4f-8ea5-4eab-9d1d-a126605c71fd,5c1a3111-763c-44fa-aa6e-87e14493a6ff,Education Loan,176755,6.41,5,2945.92,2016-06-11,2021-06-10,Default
b4b37670-de98-48e2-af66-c26f3958a66c,9295b85a-5e77-47ec-aeab-d9c4897e9a11,Education Loan,96672,10.71,18,447.56,2023-08-19,2041-08-14,Default
4de95aa3-8057-4278-bc57-2f27aecce406,2b4fca7d-89fb-4573-8b2b-d8d47b079235,Home Loan,243002,10.28,4,5062.54,2019-08-14,2023-08-13,Active
8461aaf6-3db8-43ac-a841-9fa1f15285e8,960ff9e0-d978-4250-8bd6-c8c38d7cf429,Education Loan,551595,9.19,16,2872.89,2021-09-02,2037-08-29,Active
d2003cf2-4ee0-4ee4-8bb7-7464e993d64e,d198c0b8-27b8-4aa3-a669-645b3b256734,Home Loan,171869,3.51,15,954.83,2016-08-17,2031-08-14,Closed
a9da3ed2-2a3f-4417-b9bf-97d178b9fb7c,82215715-dcd4-4ac7-9aee-e4cbcbd6c321,Car Loan,223802,11.3,2,9325.08,2021-09-21,2023-09-21,Closed
15a5791c-e1d3-46ac-8816-39d05cea9009,3c87a9f0-7944-4bf1-930c-b2e030390dea,Personal Loan,391518,7.97,19,1717.18,2017-10-22,2036-10-17,Active
1673c6db-a075-4429-abea-f3c0ecf19c02,3aae9077-9a49-4653-9393-1129910b28dc,Home Loan,324286,3.38,3,9007.94,2015-05-24,2018-05-23,Default
4307f1b9-05c3-4551-901d-9d990b2a5dc9,41236889-8416-4853-a085-346b8d468fcd,Car Loan,206771,7.99,11,1566.45,2022-05-28,2033-05-25,Closed
790905a0-1999-4832-8a6b-3df9a10880dc,376b7f80-9d2b-4ca4-8885-addad553b935,Personal Loan,440664,10.88,5,7344.4,2018-06-16,2023-06-15,Active
43458d90-f6e5-4c05-a463-7eec18a980ec,94d581a7-6d31-4c69-9032-62802bb87b9a,Personal Loan,374714,9.22,10,3122.62,2017-05-18,2027-05-16,Active
a2444953-68c3-44e8-8961-892cc9adfe55,4ac02c0c-63e7-4d99-b055-5784046a21ea,Personal Loan,178226,5.44,30,495.07,2022-10-30,2052-10-22,Active
62a0fc27-73f9-4c53-86a0-455f9ff286c5,9f443361-616b-4472-8242-4fa0f9b67945,Education Loan,525990,7.1,20,2191.62,2021-11-13,2041-11-08,Closed
c2825d6d-2bc3-469b-bd67-73e8fe382f61,2e8ae221-eb2d-410d-aec7-2e569b25584b,Car Loan,991757,3.74,11,7513.31,2021-09-20,2032-09-17,Closed
4d5f6881-a096-4b1e-adbc-a6836c521c1f,b15f9159-a8ef-41a5-a099-25656f1b86a7,Personal Loan,142180,2.6,20,592.42,2020-05-01,2040-04-26,Default
09461e05-3e86-473f-853a-cd9e61a158db,ea6b18ff-ef71-4de6-877f-0f848b94afa3,Car Loan,450499,11.01,16,2346.35,2020-05-05,2036-05-01,Active
e968797b-69c1-4f61-9815-e5a304d4b7a9,82e102d9-49f6-47b4-b7f6-116d01195940,Education Loan,990083,10.59,6,13751.15,2021-10-24,2027-10-23,Default
aeb3fde2-11de-4a0f-a740-267556c04127,7b7d1cf3-517f-403f-8891-caa594ca2aaa,Car Loan,704474,6.86,2,29353.08,2022-11-22,2024-11-21,Default
b1aa10b5-66a1-4e38-907a-70c3d6ba9b0a,3713e649-058f-4077-a217-6a14f22f0e65,Education Loan,184974,3.95,1,15414.5,2019-02-27,2020-02-27,Active
d3026752-bb62-4a53-b368-b169482549e9,f57a3d7a-dd0a-4964-9d93-758de1bf4740,Car Loan,400413,2.17,26,1283.38,2017-12-27,2043-12-21,Closed
8d0e859a-e5f5-4241-bf7d-2d32aa002567,f7973b61-dfd3-4585-8ee6-285dd249c4b2,Home Loan,743303,5.55,17,3643.64,2016-11-18,2033-11-14,Closed
6478ca1a-f378-409c-aa45-9c629400e437,9c658fd4-4313-4fc8-82b0-a88c30445a89,Car Loan,266801,7.54,7,3176.2,2023-06-20,2030-06-18,Default
d91acd75-c140-455b-b8bc-a28577f609d9,12500d3a-7783-4601-8782-05f59bfb4f91,Personal Loan,186913,2.77,1,15576.08,2021-02-08,2022-02-08,Closed
2f307fdd-e25a-40b6-91cf-77a15491de6f,795ec79f-40ac-42ac-9ae7-0c225bc0cdbb,Education Loan,694882,11.65,5,11581.37,2020-08-20,2025-08-19,Active
a4559896-15cd-4759-9792-954e3df14d6a,0350688b-031f-4c26-ac53-a76164f4b570,Personal Loan,747834,2.26,3,20773.17,2018-09-15,2021-09-14,Default
c8ac056b-d9a2-4ae6-9779-a3b4ab43baaa,aece8582-c36f-495a-b186-8a9e7478b2a1,Car Loan,925668,3.89,8,9642.38,2018-06-26,2026-06-24,Closed
6c04bb44-b8c9-426c-8d5a-f90c057b603d,1b8d35f4-e7bb-4e55-ae63-031f934d2007,Car Loan,211214,6.66,19,926.38,2021-02-04,2040-01-31,Active
10868285-11ae-4bab-9eb7-2e47dc3aecf2,94483bdf-b4de-48ca-aec4-83dc7a640c21,Education Loan,855252,9.04,30,2375.7,2017-03-17,2047-03-10,Active
386cfaad-98e1-403c-96c2-df2cd86def2d,d5625bd2-eb45-421f-8bdb-1c6fee51f02d,Personal Loan,679707,9.82,13,4357.1,2018-06-02,2031-05-30,Default
b2b03d6f-f827-4c1f-9031-237f8c2e5823,3483a295-410b-4d50-8e61-973eccf06120,Education Loan,951678,7.04,27,2937.28,2023-04-18,2050-04-11,Active
e50df917-9166-4106-bf1e-68c7bc5bb33a,0f1fce5c-c8b2-4b46-aebe-3735e3230983,Education Loan,238411,8.77,9,2207.51,2015-06-08,2024-06-05,Active
fede47bf-41f8-43ca-a6e9-37c188daea56,7aef4a3f-2cf9-4128-8f87-bf764c4ac879,Home Loan,856294,10.97,9,7928.65,2022-04-19,2031-04-17,Default
b1ef4780-675a-4812-a946-3f9e71ad190e,c2c89387-ed8f-4e45-a311-bb9c648f062b,Home Loan,783131,2.75,22,2966.41,2017-08-17,2039-08-12,Default
7703dbd4-6358-42b9-83e6-6ce9c9cde0cf,98eb3d97-2e25-4d39-ab57-743e6d45450e,Home Loan,399498,6.2,4,8322.88,2015-12-31,2019-12-30,Default
9b528531-1389-4407-8ffd-8155c0af666d,87147047-6e2c-4da8-8ae6-5121fd7b3224,Personal Loan,178480,2.88,17,874.9,2016-08-05,2033-08-01,Default
5f75dcff-1420-4b8a-9b05-e97ead969f4a,ef80f875-ff1a-4051-99df-187171fce7d5,Home Loan,481671,2.48,25,1605.57,2020-09-28,2045-09-22,Active
d5f5236e-afb2-4668-a395-782ebebedc5a,5d36b895-fc74-40f7-b14b-b062aae9a9e9,Education Loan,869933,10.06,8,9061.8,2021-03-14,2029-03-12,Active
5dcbfafc-a8e1-4492-8c7f-0e9e2f645982,4dabf46c-14d8-4a3e-864b-48e4abd5d74b,Car Loan,77071,6.66,2,3211.29,2022-09-12,2024-09-11,Default
5e186fc9-fb47-4488-9b3e-a8440222fdd9,c6a49619-e22c-4b46-8173-5b72dabc8728,Education Loan,219813,11.08,9,2035.31,2020-08-14,2029-08-12,Active
ca1255d0-ca12-46ba-96f6-9496f0551f77,b0714b4f-c1e2-413b-88e6-3631c3131ca9,Car Loan,29278,10.61,26,93.84,2021-03-24,2047-03-18,Closed
67b8d609-8047-486a-93e6-5b4d59a3eaed,446737f1-5c73-49d7-8ceb-1b2b600b4e6a,Personal Loan,641322,6.65,12,4453.62,2017-08-22,2029-08-19,Closed
addc25fa-919a-4a0a-a923-989e79fb9519,bfc19756-e013-457f-a7e5-1b31d0c841ab,Education Loan,191180,5.53,28,568.99,2015-05-19,2043-05-12,Active
fb6e5740-de49-4f8e-b9bf-26711dc00ea4,7a23180b-d8dd-4aed-9442-b5d89b0d982a,Car Loan,24929,8.18,21,98.92,2021-10-31,2042-10-26,Active
6f0bdd58-3e1b-4aa8-b953-d999b1c6473e,bb978277-d3e6-4509-895c-69fefb40a580,Home Loan,937937,10.13,20,3908.07,2017-11-25,2037-11-20,Active
38a012b6-d426-4db8-8bb5-060c2598a4d6,62d754e1-2db4-4dd1-b11c-a1bf42a3c5d0,Personal Loan,692039,3.17,7,8238.56,2017-08-20,2024-08-18,Closed
dd51f076-e712-4848-b61f-df73d76104df,916b6f69-a42c-4166-8a84-83c62503e8c4,Home Loan,117601,2.78,9,1088.9,2015-12-27,2024-12-24,Default
b238a193-73cf-4f0f-95f9-e3abaaa3bd70,5b5a33b9-1d61-4dee-bbf2-88fb3e9350f6,Personal Loan,24579,6.79,5,409.65,2022-12-01,2027-11-30,Default
64e9c3a7-7918-4eb0-9d73-44beea0af2be,4f321b40-0e85-4880-b141-351c08c80de9,Home Loan,236131,8.76,2,9838.79,2016-09-23,2018-09-23,Default
25a2ccb6-1152-43c9-bb69-c3d0dde6ce53,9a4b7279-9ac3-4765-b15a-b9c51e322dc0,Education Loan,269028,4.31,24,934.12,2019-01-20,2043-01-14,Default
9a3c7cbe-b879-4656-853c-95b149f517a6,bee2dcd5-aa8b-4687-91eb-3dc47d3043c7,Education Loan,220215,4.95,30,611.71,2022-11-17,2052-11-09,Active
09fdac31-083a-40a4-b5ee-06d3618b9903,27b26ab7-3b61-4420-ad3e-6efcc773d30d,Car Loan,308958,4.41,24,1072.77,2015-08-02,2039-07-27,Active
562add58-a1c7-418e-bf32-2678f0fdd124,e47383c0-0c8c-4ddc-bada-ed6c66a57765,Personal Loan,807043,4.62,21,3202.55,2021-01-23,2042-01-18,Closed
4470985d-9b0d-4ac2-b27e-3e455eee5000,03d0c9e0-4209-4ca9-bb55-c7a3ece9bd61,Car Loan,395085,4.81,20,1646.19,2016-05-13,2036-05-08,Closed
01f9eee2-4c9e-4c70-bc80-eeca8a8785ed,e241cae4-d87d-46f8-a90e-fd4214da0c7d,Car Loan,374084,8.1,27,1154.58,2017-05-20,2044-05-13,Default
0054bc24-e076-498d-a20f-ac85437466b9,87d3675a-a059-4606-92db-e29847f69203,Home Loan,692995,9.32,10,5774.96,2016-06-18,2026-06-16,Active
d163b011-684a-4d18-a650-7b96ffdd87ae,2eb711f9-4110-4926-81a6-cf20faa80d6e,Home Loan,428874,7.25,21,1701.88,2017-08-19,2038-08-14,Active
f9c6d1f3-842e-4cfa-9ba4-feb44c38626f,8a350b8d-f04c-48d9-bdd6-4626d381e9e5,Car Loan,887131,5.47,4,18481.9,2018-11-04,2022-11-03,Closed
050d3fc6-394d-4b05-8421-13f99b9b1df5,dcb9dd1c-4178-4cbd-b3d7-60022b73be9c,Car Loan,46627,5.18,3,1295.19,2021-11-03,2024-11-02,Default
ed6de7fc-c862-4ace-83b5-710d7be84b9d,0d708940-b4e2-4886-94ce-95c65a4b2462,Home Loan,703708,2.86,23,2549.67,2015-09-16,2038-09-10,Closed
819bca00-d081-45d0-88ad-99007586cd7c,d32a0608-fb2f-46eb-a2aa-edc1907d2144,Home Loan,385172,9.12,13,2469.05,2022-11-12,2035-11-09,Closed
5cc3eab5-a74a-4847-9866-2d652af309aa,d96d7d0b-aa8b-4f53-8a01-d05e2d06e876,Personal Loan,954426,6.79,26,3059.06,2023-07-02,2049-06-25,Closed
03a808bc-e7ea-490a-859f-2de74c9d8aba,2aedf190-14ff-4d74-8c81-a1c7a3f07732,Personal Loan,270464,7.7,4,5634.67,2017-03-26,2021-03-25,Closed
e9d0310d-2e03-4b19-9d63-ccbe4691e14a,02d417ec-d496-4d3a-bdc4-296646fa1b16,Home Loan,116401,3.0,23,421.74,2023-09-03,2046-08-28,Default
46d2da33-cfc3-40b4-b089-363b22469279,c025968a-16c7-4bc9-8e74-03290157aa2e,Education Loan,594091,7.58,29,1707.16,2023-12-12,2052-12-04,Default
59f81620-6d09-4003-9e3a-35b053088e23,464bd90b-798b-4ece-aad6-007fb73a4ddc,Education Loan,876847,2.2,25,2922.82,2019-11-06,2044-10-30,Closed
24843084-daf4-411d-bd72-d95d2379f2e9,3eadb95e-82e1-48de-9915-e56c6435646e,Education Loan,951342,10.47,15,5285.23,2023-10-11,2038-10-07,Closed
2555718a-2508-4d43-9cf7-fdb6936ff252,e42b7dc8-e785-4fed-8a19-3d7452b35a0a,Home Loan,557490,5.35,23,2019.89,2023-12-19,2046-12-13,Active
f7da9ffe-d4c5-42fc-ac01-37d407d518ab,483f5327-fe58-4d0a-bf38-0c61c413808e,Personal Loan,429932,5.8,3,11942.56,2022-02-20,2025-02-19,Active
cb2dc351-69a1-400c-8fe2-fe411d6eb701,787924d3-eaff-4c95-9437-4b6434d1a802,Home Loan,916539,7.32,8,9547.28,2020-09-02,2028-08-31,Active
e2348a71-74fc-4051-b618-a7029d9a8a75,5a2d66fc-cc4e-44fe-945b-f870afda24a6,Education Loan,231449,7.84,8,2410.93,2017-04-03,2025-04-01,Closed
c97b3547-a2de-43b5-93d2-2fd8fee6a6aa,666f6dfd-4626-468c-8020-55d726b08a34,Car Loan,566940,2.99,8,5905.62,2015-05-16,2023-05-14,Closed
5bda8c0e-4ae1-4284-a02c-95e519efac53,2906f8b0-8213-4ae6-9002-8c6337d0f3cb,Home Loan,912632,4.12,6,12675.44,2017-08-11,2023-08-10,Active
b9256af1-33a4-462c-a05e-a5943375b7e1,f726473a-7c15-426c-af8d-b76ff95d8689,Car Loan,892324,11.77,29,2564.15,2021-04-01,2050-03-25,Closed
bf2f7bf8-4967-4b32-9af5-7f30098e0209,f7e0df9b-0e34-4438-90e5-ce4a15e5282f,Education Loan,595539,5.27,13,3817.56,2018-06-03,2031-05-31,Default
5e089c01-8e07-477a-9068-fa02d83e4255,5b7db56d-696c-4203-ba8d-fb4bdd97d4f9,Personal Loan,156137,5.24,29,448.67,2019-11-26,2048-11-18,Active
53ee0ab6-b1ec-44eb-b74b-775b36cfa813,7de69515-6db8-4192-8425-a34dc3f180af,Education Loan,735454,5.05,27,2269.92,2018-01-01,2044-12-25,Active
a0f7e907-17ce-4815-a6a8-c1ec3de628dd,60fd02af-7a3f-4324-8a47-2a2b446eff10,Home Loan,576831,2.96,20,2403.46,2017-07-05,2037-06-30,Default
2c11de47-f325-416d-9442-4868fad81586,0bb5854e-f1b7-4dab-86f8-79ef31a4246a,Car Loan,709269,5.45,27,2189.1,2020-03-28,2047-03-22,Default
29b3587a-2fa6-4013-84e4-03d6ed750474,ccb897f9-ed99-42d0-a8ba-d20393e2304b,Car Loan,602225,3.64,21,2389.78,2016-11-21,2037-11-16,Active
557a543a-612f-453b-bc8f-8abd36bb1ae0,af4a6563-3905-4c04-837e-7b7697378401,Education Loan,755130,3.07,8,7865.94,2020-04-15,2028-04-13,Closed
b24c6758-5b9e-452b-a594-93bac91b0f14,8d711640-00d5-4ce0-a8d4-c18bc25f8fdd,Car Loan,80906,5.94,8,842.77,2023-03-11,2031-03-09,Closed
33137cca-1276-49e3-aa72-a0b88bdc7892,c79cac1c-b1eb-4a1d-a382-c92ebda789f2,Personal Loan,272510,10.16,16,1419.32,2022-03-17,2038-03-13,Active
12ca2c32-e594-4591-b12f-e4332f23d636,c00eb827-3998-4b63-9941-9ef8b7b77a40,Car Loan,156663,3.55,23,567.62,2019-01-27,2042-01-21,Closed
73a57000-d6a8-4c70-b919-1057f96f09d0,02dbfcd3-3ef0-4a33-8785-f9e1676344dd,Personal Loan,99307,8.72,22,376.16,2023-09-11,2045-09-05,Default
bab16d4d-def3-4fa2-a85e-b924a29f0beb,f9bcbb7d-9a96-468a-94a3-187a6b45dbd5,Education Loan,61818,11.28,29,177.64,2022-04-18,2051-04-11,Default
70cf01d6-4b16-499f-b798-470d22cc24c6,e719a1b1-8d21-4194-91ad-21ea53a8304f,Home Loan,257195,3.04,20,1071.65,2017-07-18,2037-07-13,Default
600625fe-888d-4324-b4dd-7ef9f6897383,c853d45d-9456-4eaf-b62c-c6b2abb7d24a,Personal Loan,512322,7.1,8,5336.69,2017-09-09,2025-09-07,Closed
98ff31de-d327-4f43-ac2e-add33a0630e3,25287c65-8381-452c-a2de-37b80f39404c,Personal Loan,980680,6.67,5,16344.67,2015-05-26,2020-05-24,Closed
d34f7b58-99a7-49f6-9660-79abf86a9f9d,3aae9077-9a49-4653-9393-1129910b28dc,Home Loan,820119,2.32,7,9763.32,2023-08-29,2030-08-27,Default
d1b307ee-7638-4fe3-902b-a342f6abe638,31f53a9f-07a6-4db2-8d02-e392b86a4f6b,Personal Loan,489574,11.09,6,6799.64,2019-05-23,2025-05-21,Closed
1e33e284-0340-410a-8e5d-06220af29ab7,7e59d3ce-c501-459e-99ad-c4048d903152,Car Loan,515859,8.0,28,1535.29,2015-08-09,2043-08-02,Default
d3f0fc10-5c2d-4f65-84e5-f2237fdb5aea,37330a1e-a440-4179-a663-80f85c5ae7f9,Home Loan,960301,7.26,26,3077.89,2018-03-26,2044-03-19,Default
22ef71d0-c21c-40ee-a73c-bf9b9553ec60,948213b1-83b1-4e3e-9b4e-dfaba66bc31d,Personal Loan,732496,11.23,13,4695.49,2016-09-21,2029-09-18,Closed
ae2ba945-3f3b-4361-b191-1e3e711d9415,e4009aef-fae7-4f35-afcf-a99bd3819f0f,Education Loan,35181,3.33,22,133.26,2020-06-11,2042-06-06,Closed
e9d151af-e063-400c-9b78-1590687339e7,e9249a71-a69a-41ed-a317-71ad776e8439,Car Loan,763004,8.07,6,10597.28,2021-01-23,2027-01-22,Default
a74033f8-472c-43c9-8dd2-4c0351ddb57d,c2c89387-ed8f-4e45-a311-bb9c648f062b,Home Loan,877180,3.92,1,73098.33,2023-02-09,2024-02-09,Active
50e94c30-959f-407e-bdfa-099160a905b2,60037447-3f7b-4f3b-a827-0c900b17ba6b,Education Loan,990084,11.26,27,3055.81,2023-10-28,2050-10-21,Active
9905c078-a5d1-4d12-a355-52f6c3263e1d,8240c86d-6b50-413e-b0d6-35bf7a2cfe2b,Home Loan,490721,8.89,17,2405.5,2019-08-02,2036-07-28,Active
b73a7223-dad4-4325-a014-c68b2afd7888,51129c8e-35e1-40da-ad74-737ab438d6b2,Education Loan,132303,10.87,4,2756.31,2019-07-27,2023-07-26,Closed
98f1b1f2-e329-42dc-b3f9-e218f3ab7680,5699ef81-d4fa-4f7d-86c7-41bcc1e443d1,Personal Loan,353613,9.75,19,1550.93,2019-08-07,2038-08-02,Active
f6582bdc-42fe-4a71-abb2-de3f7d5ca323,e71b39f5-b475-4e9b-a8bc-c860546a51f1,Education Loan,78077,10.42,10,650.64,2017-03-08,2027-03-06,Default
a07e2735-b82e-45b2-9bfc-346f321f29cd,25287c65-8381-452c-a2de-37b80f39404c,Home Loan,707158,11.32,7,8418.55,2016-04-23,2023-04-22,Closed
9c80d82c-a33a-46d2-9fba-29fecb01beae,8eda34e2-a3af-4a0b-978a-0e885df02de8,Car Loan,81571,7.66,1,6797.58,2016-08-09,2017-08-09,Closed
bbe9a71b-9c2e-4004-9795-cbf6a67b1d15,b2af85f7-5a6b-4d12-bb1b-5bae9fc28aa1,Personal Loan,580301,4.76,15,3223.89,2016-10-07,2031-10-04,Closed
7ff476b6-658b-4e0a-a8b7-9d646ddecfc5,ef5f2cae-0d7a-48fe-9c78-e811d5c1c37d,Personal Loan,118246,5.11,29,339.79,2021-09-14,2050-09-07,Closed
864fee61-2b83-450f-a03d-9429fde2ffbe,b2af85f7-5a6b-4d12-bb1b-5bae9fc28aa1,Personal Loan,923736,9.65,16,4811.12,2021-08-09,2037-08-05,Default
8cecfbd3-d1e7-454f-af23-29da989aba4f,8eda34e2-a3af-4a0b-978a-0e885df02de8,Car Loan,253400,8.04,14,1508.33,2018-04-05,2032-04-01,Default
0f0d13aa-b4c8-46f0-a94a-e1ddfea3f6fd,7f71fd90-9102-46d2-b471-a68bca147407,Personal Loan,885720,5.3,21,3514.76,2024-03-28,2045-03-23,Closed
ca4a72cc-d3aa-4e03-bda9-9fc610b1b404,c828a117-a583-40bd-a353-943b1bff8975,Car Loan,667062,10.49,9,6176.5,2016-04-28,2025-04-26,Default
c008bd2a-8d8e-4ac9-9c58-8c66632c2c7a,3a40b730-6e97-4850-b90f-99927eeb51bb,Personal Loan,26935,9.08,15,149.64,2023-11-20,2038-11-16,Active
cb988e76-a5f8-4ebc-a75c-55376e650bf9,e241cae4-d87d-46f8-a90e-fd4214da0c7d,Personal Loan,497514,3.67,14,2961.39,2021-12-23,2035-12-20,Active
9f4846d8-18ff-426f-8d5a-9127cdfe52ef,cd23c00d-fd20-4d02-ad0f-e66d67b1a571,Personal Loan,976933,10.01,13,6262.39,2020-07-04,2033-07-01,Default
6443085d-4b37-45f2-9c5e-e1bcaf397c99,2f53b7a6-be67-476e-b35d-14cb7749db51,Home Loan,105829,5.18,11,801.73,2020-02-21,2031-02-18,Default
ddc9d21c-1410-4e38-92a8-fb593733457d,23e61a11-96b2-4c55-ae01-9434fbe85955,Personal Loan,41727,10.47,23,151.18,2021-12-20,2044-12-14,Default
eedb78d3-41f8-4aed-96b9-2d96e43c2fb3,d34d0412-d660-4f48-962c-c5d167fff4b0,Car Loan,294226,7.79,2,12259.42,2017-12-01,2019-12-01,Default
bd31c073-cc5b-4634-b96d-7dda43d5fd37,d91c57a9-ec1b-4421-a102-f5d378d31d64,Home Loan,399382,4.39,10,3328.18,2018-09-28,2028-09-25,Active
14b0e809-d1ba-45ff-bbd4-b15087c11ca4,0c83c2c2-fc49-4d6c-b385-ff643655b7b3,Personal Loan,555662,9.29,4,11576.29,2021-03-31,2025-03-30,Default
b98fbc19-ea17-490e-88bb-94e2568a3a24,2b4fca7d-89fb-4573-8b2b-d8d47b079235,Personal Loan,178671,6.44,22,676.78,2022-06-15,2044-06-09,Closed
e5eefbf6-589b-40cf-89ae-a9b38a51a7bd,0025f8c6-02f5-4aa3-be29-e158a30b3399,Home Loan,360691,7.7,16,1878.6,2020-02-05,2036-02-01,Default
1a076312-ab3f-41eb-96ca-1903e169f016,981221dd-34be-4ef7-b547-265ba15dea1a,Personal Loan,116442,10.94,26,373.21,2020-04-21,2046-04-15,Closed
cc1b0480-0676-40cd-a160-2a6446f3bcde,8e188d1b-7eec-4ee1-b310-3d3af6450b27,Car Loan,214683,9.24,21,851.92,2017-11-15,2038-11-10,Closed
c04beffb-7f0d-498d-8be9-581c459271e7,6407aae8-42a2-4929-8e35-8fbd54a169e6,Home Loan,93334,7.56,17,457.52,2021-06-17,2038-06-13,Active
8698334e-ce1c-4e80-a528-83d541494906,69fc4d2e-e33a-4561-8441-e7e9db27047c,Personal Loan,873907,2.26,25,2913.02,2021-12-19,2046-12-13,Closed
6e5fea16-c335-4528-bbc0-4a66a56a59a8,756882aa-6b6e-43b0-800d-5031d7c47b3b,Education Loan,843332,3.91,29,2423.37,2021-06-16,2050-06-09,Active
335fff0b-3205-4652-8170-e1c515d51bc4,4d4d69cb-5008-41bd-a62a-59c0d899aafe,Education Loan,501333,7.91,5,8355.55,2024-03-25,2029-03-24,Default
92c0d6fe-f465-4733-bfd9-2adda6df959f,bee2dcd5-aa8b-4687-91eb-3dc47d3043c7,Personal Loan,106677,8.49,16,555.61,2019-10-31,2035-10-27,Default
b29ed819-422c-4e59-9647-a04b3d6c25bd,532ba445-d42c-4474-814f-0964c67df479,Personal Loan,274421,9.48,3,7622.81,2017-07-27,2020-07-26,Default
de7e3f00-24b8-41ad-80a7-565489205069,5b07b5b0-1de8-44a5-b029-58eaa7b23fe7,Personal Loan,101533,9.81,23,367.87,2021-11-28,2044-11-22,Default
50edeed7-ddce-4f33-b549-98548cd38b1d,503452ae-890c-4c56-bd46-a8f00671d0a6,Personal Loan,187419,10.24,16,976.14,2020-05-15,2036-05-11,Default
7da47faf-56ae-46e7-b03f-93a62caed6cd,a84e130f-87d9-4f77-8cea-5ecf9e4764ef,Education Loan,52968,3.11,9,490.44,2022-01-06,2031-01-04,Default
13228825-2b43-4790-960f-f645416fe7a2,5633da83-35c3-4275-a8f2-495d64d76e37,Home Loan,674073,3.91,5,11234.55,2024-01-25,2029-01-23,Active
f726937c-8f6e-4e0f-9566-de162730ffe3,f1e5fe75-606a-41a5-9362-cbb2bef5cb5e,Car Loan,82935,2.98,29,238.32,2015-12-07,2044-11-29,Closed
56923005-eca2-4728-8285-dffeb20992cb,d25c41c1-4f31-437f-b5fb-6d09c991562a,Education Loan,611267,7.56,3,16979.64,2023-03-17,2026-03-16,Closed
